date,entry_price,f_close_ema50,f_ema50_ema200,f_close_ema200,f_ema200_ema400,f_adx,f_atr_pct,f_rsi,f_mom24_pct,f_vol72,f_btc_riskon,f_hour,f_dow,label,ret_tb
2021-01-17 21:00:00+00:00,3.8552,0.09112782827872157,0.08457788959181212,0.18341311726943288,0.1623386318774973,21.14851529236242,0.039632258232783,61.06679716735525,0.11664764473957252,0.022733782695114273,0.0,21.0,6.0,1,0.07926451646556609
2021-01-20 19:00:00+00:00,3.674,0.002007580684619148,0.046643604283497675,0.048744825767137456,0.13566389884171937,28.35812691579478,0.02450303088567327,53.98030742373516,0.012112139357648275,0.016381245938821357,0.0,19.0,2.0,0,-0.049006061771346476
2021-01-24 04:00:00+00:00,3.5742,0.033930873018568786,0.002496176172497089,0.036511746627806874,0.08111850060545778,20.225214699129733,0.016618967990935082,62.75877978266047,0.030636226288400122,0.020159930139439248,0.0,4.0,6.0,1,0.03323793598187019
2021-01-25 19:00:00+00:00,3.893,0.08066218901717503,0.026599503362892296,0.10940726654808786,0.07352361259280715,20.89624079813668,0.026643380582233856,66.61926825422869,0.08810685846390957,0.014732990266663387,0.0,19.0,0.0,0,-0.05328676116446773
2021-01-30 13:00:00+00:00,3.9253,0.029639356338418965,0.027707086147233273,0.05816766268506934,0.059477507057292156,20.424946983692333,0.017091407805824382,63.98573288090106,0.037525794206812214,0.010030556974527458,1.0,13.0,5.0,1,0.03418281561164882
2021-02-06 21:00:00+00:00,6.3401,0.026229755014644862,0.15118205546059627,0.18137727875258314,0.14499931592949222,26.922894736273324,0.02491984958375305,57.41039748115169,-0.06069304900553624,0.0188750123521979,1.0,21.0,5.0,0,-0.04983969916750608
2021-02-14 02:00:00+00:00,9.2053,0.01586334293188818,0.1244396457523369,0.14227701745911725,0.1748884193465523,24.044703829924913,0.02238192878687309,56.36219929879475,-0.007321868923337753,0.015300711627756232,1.0,2.0,6.0,0,-0.044763857573746235
2021-02-15 13:00:00+00:00,8.6703,0.001466041698133802,0.05472248526575685,0.05626875240911566,0.15056423898037474,22.53683130682655,0.022351149551783044,54.98668008334819,0.00489025754587487,0.016002616940241122,1.0,13.0,0.0,1,0.044702299103565935
2021-02-17 17:00:00+00:00,8.3101,0.00302158253866458,0.0013806343103413,0.004406388549530238,0.11456487355659761,25.649731924834605,0.022882293904368474,56.3586369928749,0.019181477960553996,0.016760130934657464,1.0,17.0,2.0,1,0.045764587808737156
2021-02-17 19:00:00+00:00,8.4013,0.013537477644417484,0.001716199149804476,0.015276909801845706,0.11336966006221694,23.54936036911448,0.022205596125625737,59.082749217469534,0.030899979765036445,0.01685887489682095,1.0,19.0,2.0,1,0.04441119225125134
2021-02-18 04:00:00+00:00,8.5383,0.026427105713185073,0.004161710307765576,0.03069879797920172,0.10837734424449352,20.629793709403618,0.018743239813608474,62.659231126117874,0.11036154738062606,0.014484117835554606,1.0,4.0,3.0,1,0.03748647962721696
2021-02-26 16:00:00+00:00,15.0251,0.015357767059563043,0.1371125848192951,0.1545760950174475,0.17240177529826473,31.340242639554155,0.034263745681160536,56.27663976364816,-0.05249216311372306,0.023502612008497126,0.0,16.0,4.0,0,-0.06852749136232117
2021-02-28 19:00:00+00:00,13.2421,0.012587055335412156,0.00046008404747510667,0.01305293048625189,0.12909380450799546,35.02819194510467,0.034865934484322895,59.20169084389196,-0.04401114626834104,0.025714455747933164,0.0,19.0,6.0,1,0.0697318689686457
2021-03-08 17:00:00+00:00,13.7084,0.029294782523079155,0.0008877225675028022,0.030208510730137528,0.04618997175812689,22.007467186745306,0.016335958719067886,59.75005646594298,-0.02165825333372245,0.011180782210746417,1.0,17.0,0.0,0,-0.0326719174381358
2021-03-09 10:00:00+00:00,14.3583,0.05692382226333903,0.014755730440454196,0.07251950528075124,0.04519274616846425,20.996698168871408,0.015171398845751562,68.13211239153456,0.0723971500804413,0.011858117906850065,1.0,10.0,1.0,1,0.030342797691503165
2021-03-13 10:00:00+00:00,14.8553,0.0032342968734817568,0.037255974383709756,0.04061076813865938,0.05190390395035127,33.378746644942844,0.020139600384880357,53.60563180199107,-0.044987310926066816,0.01574133364677086,1.0,10.0,5.0,0,-0.04027920076976066
2021-03-14 18:00:00+00:00,14.8525,0.004566823572939027,0.024861444265002586,0.029541805667668397,0.0485836329318694,22.885314893729145,0.015587320638242705,54.12388199464596,-0.022716714357852254,0.011899970269923201,1.0,18.0,6.0,0,-0.031174641276485393
2021-03-20 09:00:00+00:00,14.5,0.019011123044097022,0.004137521693605706,0.02322730367171766,0.01904547439281723,21.01350701902222,0.009310605640363514,64.33842657207876,0.02900689655172416,0.007532113461996282,1.0,9.0,5.0,1,0.018621211280726913
2021-03-22 02:00:00+00:00,14.7839,0.04061800126834769,0.001068981694923421,0.04173040286311136,0.016005028537810606,26.575147610786814,0.013567760070883866,71.56421787828091,0.053795006730294394,0.007464033637867622,0.0,2.0,0.0,1,0.027135520141767788
2021-03-24 07:00:00+00:00,14.66,0.004197742895410084,0.008530367286435858,0.012763918470517943,0.020028434815110296,31.80602026828036,0.016348747007889377,55.362043566106145,0.015934515688949585,0.012714618608128826,0.0,7.0,2.0,1,0.032697494015778705
2021-03-27 07:00:00+00:00,16.027,0.1228576693562482,0.003130692827536974,0.1263729918080465,0.007421165856928091,29.39793984507737,0.01962857939960185,79.51572975592583,0.1255693517189743,0.017613942465343747,1.0,7.0,5.0,0,-0.03925715879920366
2021-04-02 12:00:00+00:00,19.2584,0.004973273458259708,0.07185817499777714,0.0771888188105121,0.07803356013596785,22.62838313808078,0.013395696906077524,55.22963752555552,0.0059973829601628805,0.009767288771338286,1.0,12.0,4.0,1,0.026791393812155118
2021-04-11 16:00:00+00:00,27.397,0.01987787975071975,0.06958027720992987,0.09084126534405024,0.11465053340246012,20.855343409107977,0.018005004522232203,59.99690542535239,0.00600065700624145,0.010430752778492057,1.0,16.0,6.0,1,0.036010009044464386
2021-04-15 13:00:00+00:00,27.3646,0.030457574067488613,0.011761347096890917,0.0425771432647164,0.08340699849796929,21.258190110416113,0.021749414139430715,63.029340898947495,0.06576745137878857,0.012910112896671056,1.0,13.0,3.0,0,-0.04349882827886142
2021-04-18 19:00:00+00:00,30.2,0.14694694176863843,0.003474174144597386,0.15093163517895603,0.054621673480481414,20.52919721833503,0.04212108949187781,69.19013207177042,0.1623245033112583,0.02422421552533712,0.0,19.0,6.0,1,0.08424217898375552
2021-05-01 16:00:00+00:00,47.865,0.0941450822359744,0.04931510429702746,0.1481029610825213,0.10709445856220956,21.975866174466223,0.021523511997396574,78.08680586506527,0.09969706466102576,0.0129966166767719,1.0,16.0,5.0,1,0.0430470239947931
2021-05-04 06:00:00+00:00,46.824,0.004866251337033889,0.053270312810764775,0.058395790878738474,0.09998725465125657,30.141010148290288,0.021393596280690135,52.77014298918702,-0.039936784554929196,0.014424447959259347,1.0,6.0,1.0,0,-0.042787192561380194
2021-05-05 09:00:00+00:00,45.408,0.00422849028509531,0.019838957728191664,0.02415133685330706,0.08717450155617446,23.93191903061805,0.023241858742682163,55.81883856704396,-0.022529069767441776,0.013151300430128717,0.0,9.0,2.0,0,-0.046483717485364395
2021-05-08 23:00:00+00:00,45.612,0.034877992030257765,0.00027754524314183016,0.03516521749417789,0.05267870040425793,26.22916653352338,0.02075741680101387,58.6637082673386,0.05327545382794001,0.013602873839439809,1.0,23.0,5.0,0,-0.04151483360202768
2021-05-09 17:00:00+00:00,44.75,0.007317310681324907,0.0052319902668986895,0.01258758504648827,0.04929886885765389,27.2612347843211,0.020593078623250105,51.355931559294085,2.2346368715031718e-05,0.01483135080436739,1.0,17.0,6.0,0,-0.0411861572465001
2021-05-10 01:00:00+00:00,45.084,0.014138870278439297,0.005329442415141994,0.01954366498854565,0.04756272992002408,20.650363492596608,0.017929745999960806,54.47712099923046,-0.02770384171768244,0.015043450810997578,1.0,1.0,0.0,0,-0.03585949199992167
2021-05-12 13:00:00+00:00,46.27,0.05293647061924878,0.0010011180792410812,0.05399058435627779,0.03198255719151133,27.698719481134777,0.02517107491115231,61.31288951576912,0.11119515885022699,0.014434951310748146,0.0,13.0,2.0,0,-0.05034214982230456
2021-05-13 06:00:00+00:00,44.921,0.01169073530483744,0.0074060943382856514,0.019183412331674754,0.03115572046845605,21.302285149975095,0.047297821535462484,51.13566391707051,-0.01611718349992217,0.022081475634182873,0.0,6.0,3.0,0,-0.09459564307092494
2021-05-16 07:00:00+00:00,46.468,0.07345723760762635,0.0007449890011594906,0.07425695144285882,0.01460936736375551,33.27200204314816,0.028770496644948653,61.934058746698284,0.12189033313247828,0.020846423566424143,0.0,7.0,6.0,1,0.05754099328989737
2021-05-16 21:00:00+00:00,45.95,0.02651444737890052,0.023634098979058216,0.05077519143168674,0.018816407099434995,29.140414792556786,0.0480120030731752,51.01588998082784,0.07701849836779111,0.024340929954236458,0.0,21.0,6.0,1,0.09602400614635043
2021-06-02 16:00:00+00:00,34.604,0.09509884306870786,0.00040071370765404346,0.09553766418636145,-0.06980356108338337,26.516724397198793,0.02310727888948496,77.75961843874228,0.10802219396601548,0.017297236669461896,1.0,16.0,2.0,1,0.04621455777896988
2021-06-08 18:00:00+00:00,39.95,0.021529039723852783,0.0375823979298624,0.0599205505916649,0.024841908393526957,37.41809909185077,0.04457523188672194,57.436941475656845,-0.04673341677096363,0.022434825926552358,0.0,18.0,1.0,1,0.08915046377344393
2021-06-15 03:00:00+00:00,40.545,0.058330500924196116,0.0009930507605981909,0.05938147683310313,0.012725797971119501,30.57799747338139,0.020954788932888848,67.63180782025357,0.0659514120113454,0.013328987710657185,1.0,3.0,1.0,0,-0.04190957786577776
2021-06-16 15:00:00+00:00,39.539,0.00870837475436792,0.012624043569085641,0.021442353225768596,0.015572895222559113,21.623534263071345,0.020774768740074518,52.76855809046593,-0.011178836085889885,0.014996396247430956,1.0,15.0,2.0,1,0.04154953748014911
2021-06-28 20:00:00+00:00,33.682,0.07545343601505827,0.0011954261905999797,0.07673906121924157,-0.05060229683867645,37.93199857115305,0.02332437119099104,66.10494098313936,0.11617481147200295,0.018803634948351557,1.0,20.0,0.0,1,0.04664874238198213
2021-06-30 07:00:00+00:00,33.515,0.009388940785033384,0.036085340744466565,0.04581308465695755,-0.031751585844849384,28.216742145339833,0.0248286960745441,49.37327927666114,0.001103983291063674,0.015630604903877764,1.0,7.0,2.0,0,-0.04965739214908815
2021-06-30 18:00:00+00:00,33.427,0.013992186843475363,0.027044456993090327,0.04141505493189346,-0.029332138416347853,20.297294743966393,0.024492105156272204,53.91412114651031,-0.04146348759984452,0.016480894166033516,1.0,18.0,2.0,1,0.04898421031254441
2021-07-03 07:00:00+00:00,34.783,0.0449804510065428,0.018565751896239657,0.06438129879635102,-0.014323087436249438,21.5098199229458,0.019768610557783874,64.56804148255772,0.0662105051318174,0.015115540568803217,0.0,7.0,5.0,0,-0.03953722111556779
2021-07-06 04:00:00+00:00,34.058,0.008624762752073911,0.010929051695378611,0.019648074925430192,-0.0016089685569788958,27.604473876097966,0.015017045104427494,56.7476006226166,0.010247225321510267,0.010518412846118168,0.0,4.0,1.0,1,0.030034090208854947
2021-07-07 06:00:00+00:00,34.696,0.01986790835082841,0.013565866335515153,0.033703300075397236,0.0008861461908216128,20.622387640950954,0.014062076241595703,59.89761103457481,0.017148950887710367,0.0102079640974972,1.0,6.0,2.0,1,0.028124152483191445
2021-07-23 13:00:00+00:00,27.765,0.026448509425565758,0.00047041619560439507,0.02693136742835356,-0.05434613889399453,24.1375180838751,0.01791034050319795,53.945631656333525,0.031622546371330815,0.014400052628021593,1.0,13.0,4.0,0,-0.035820681006395905
2021-07-23 22:00:00+00:00,27.807,0.028237725987364515,0.00029906437608673286,0.028545235261355772,-0.052105725465182884,20.328493399592503,0.017240946795516132,57.29552599740026,0.01211925054842305,0.014361770763404164,1.0,22.0,4.0,1,0.034481893591032264
2021-07-26 01:00:00+00:00,30.8,0.09766636980589971,0.018727248245985706,0.11822264040452457,-0.032811845922961935,20.777320067985634,0.02155823847962606,75.0097742516401,0.09704545454545457,0.014462066815025135,1.0,1.0,0.0,0,-0.04311647695925214
2021-07-27 11:00:00+00:00,28.657,0.001811979478823611,0.02264796143737091,0.024500978557556286,-0.020960862837197114,25.289957704943426,0.020658978943872548,51.56661686254515,-0.04822556443451867,0.014993484664843003,1.0,11.0,1.0,0,-0.04131795788774506
2021-07-29 16:00:00+00:00,29.865,0.056414756382655584,0.008796973103139871,0.06570800858031367,-0.015202628623236514,21.053967146449224,0.018194362668139022,72.30121766378595,0.0502929850996149,0.012928124294759891,1.0,16.0,3.0,1,0.036388725336278016
2021-08-03 11:00:00+00:00,34.37,0.014748550863078025,0.05968515570113464,0.07531397611884172,0.039840268875999785,25.893065477786145,0.017799888455737514,58.86207099575789,-0.006168169915624187,0.010953655810065794,0.0,11.0,1.0,1,0.03559977691147509
2021-08-23 21:00:00+00:00,74.208,0.005787283222803641,0.07656589549750792,0.08279628724276322,0.14994519100598658,22.41578548784196,0.01741328824394141,55.28357874622118,0.028177554980595005,0.010332809105621397,1.0,21.0,0.0,1,0.03482657648788301
2021-08-25 23:00:00+00:00,71.973,0.0030659995227426684,0.02474986926404621,0.02789175187414039,0.12125202777460942,27.258813007308735,0.022005006345719048,55.47856706406598,0.020090867408611535,0.014470174596844127,1.0,23.0,2.0,0,-0.044010012691438116
2021-08-26 13:00:00+00:00,73.08,0.03336619571342481,0.011007958449678279,0.04474144785914036,0.11163437371528007,26.53857572091431,0.028449079139963227,61.54777915449432,0.06554460864805682,0.018227793967839544,0.0,13.0,3.0,1,0.05689815827992639
2021-09-13 20:00:00+00:00,168.99,0.0027339100149721407,0.006770333192183564,0.009522752688874592,0.1323873986070927,27.26176670244946,0.03313924827060493,56.41584217662149,-0.016924078347831144,0.018178855950643318,0.0,20.0,0.0,0,-0.06627849654120999
2021-10-01 11:00:00+00:00,153.26,0.09534057812984953,0.0001923457336545642,0.09555126221695143,-0.015824342884199982,31.74351797614011,0.020340299676310885,76.91470612362093,0.1038105180738614,0.011970692040179524,1.0,11.0,4.0,1,0.04068059935262158
2021-10-08 15:00:00+00:00,166.48,0.0475469769662471,0.00794578421520109,0.0558705592005071,0.025007606046794528,20.16715752226806,0.020941616456258166,66.27638597656009,0.06367131186929358,0.012338630829433948,1.0,15.0,4.0,0,-0.04188323291251628
2021-10-15 12:00:00+00:00,158.4,0.03992051972482202,0.0008369630427813579,0.04079089476726172,-0.0008436632169778191,33.96462123995227,0.020055726450852754,62.06226962875778,0.03238636363636361,0.012324599135750628,1.0,12.0,4.0,1,0.04011145290170548
2021-10-17 23:00:00+00:00,160.12,0.0009181350237223995,0.02573271094944074,0.026674472076340994,0.009839196232746872,27.591462803337404,0.015505692646852786,48.49938189146197,0.01611291531351494,0.011714811292795184,1.0,23.0,6.0,0,-0.031011385293705618
2021-10-19 03:00:00+00:00,158.5,0.00022581179115643835,0.012781817249766902,0.01301051532597075,0.009996054023614809,21.8382237506789,0.012346222334650157,52.66627115701272,-0.008958990536277524,0.009042387191825289,1.0,3.0,1.0,0,-0.024692444669300317
2021-10-20 11:00:00+00:00,160.08,0.018971842444617026,0.0039131306856992065,0.022959212429150444,0.00857037082554446,20.455578754614066,0.009671422188133806,67.59200200394515,0.019240379810095028,0.007186366851956259,1.0,11.0,2.0,1,0.019342844376267765
2021-10-24 21:00:00+00:00,199.81,0.02964346137149998,0.07331697640139434,0.10513380673072414,0.05890828819433236,25.833168920409395,0.01761580028008618,61.682795438977244,0.01921825734447727,0.013597730497237557,0.0,21.0,6.0,1,0.03523160056017227
2021-10-28 08:00:00+00:00,197.62,0.016471404201125583,0.015989871352536156,0.03272465118783341,0.05821919386648422,31.94287614922066,0.02646261858073321,59.45370529754683,0.028286610666936562,0.013614245386919903,0.0,8.0,3.0,0,-0.052925237161466354
2021-10-31 16:00:00+00:00,197.06,0.017351186516852746,0.00040986600390713335,0.017768164182240476,0.042320880211965894,27.044351416642343,0.019283040992580405,61.92115060388388,0.02527149091647209,0.008709019461372819,0.0,16.0,6.0,1,0.03856608198516076
2021-11-11 05:00:00+00:00,242.95,0.01088674085698127,0.015280068092277332,0.026333159090855984,0.06003213117023942,29.387363411431977,0.019121374046555378,57.938063952170715,0.02284420662687789,0.008693260621657371,1.0,5.0,3.0,0,-0.03824274809311079
2021-11-15 03:00:00+00:00,243.72,0.03300206803580985,0.0025786230810385113,0.03566579101120748,0.03470144535098352,20.346436953338912,0.011849213642748692,69.43164678775038,0.026752010503856928,0.008321687853546623,1.0,3.0,0.0,0,-0.023698427285497425
2021-11-30 20:00:00+00:00,212.19,0.03292330644992636,0.0005335681386196001,0.033474441415885625,-0.023443855112391332,28.741174791902516,0.020091488718459984,57.539597866493594,0.029171968518780327,0.010987285051025236,1.0,20.0,1.0,1,0.04018297743692001
2021-12-16 20:00:00+00:00,183.42,0.050292698004550385,0.0005707282768043775,0.050892129746222814,-0.05074652835157789,32.023031523095966,0.020059509186943242,57.97868542061501,0.015592628939046916,0.013680832029394768,0.0,20.0,3.0,0,-0.04011901837388654
2021-12-17 15:00:00+00:00,176.59,0.0031709960066574894,0.0054615010000285125,0.008649815404547345,-0.04492147911059863,27.509108056983433,0.020804622511330088,48.358354453488616,-0.059006738773429906,0.013753171065446582,0.0,15.0,4.0,1,0.04160924502266017
2021-12-17 21:00:00+00:00,177.36,0.0060502106827253765,0.00620973434544525,0.01229751522924416,-0.04328829746602014,20.251644402808505,0.021820207558373307,50.03726710288227,-0.029657194406856057,0.0138817833982722,0.0,21.0,4.0,1,0.043640415116746656
2021-12-18 15:00:00+00:00,181.41,0.025093092047229426,0.008169085185655067,0.03346716483938961,-0.038780527195801606,20.619137606494604,0.016599149114973837,58.83772833593199,0.026569648861694467,0.013429258805480291,0.0,15.0,5.0,1,0.03319829822994769
2021-12-21 09:00:00+00:00,180.41,0.019148777112152127,0.0002826308512038356,0.01943681999853064,-0.02522899992753036,22.56151642517694,0.015027762418438001,60.578342458881195,0.047114904938750625,0.009432645734548068,1.0,9.0,1.0,1,0.030055524836875902
2021-12-22 06:00:00+00:00,184.61,0.03304730549442869,0.006772114818050179,0.04004322045971431,-0.02133031533665697,21.660590144863004,0.013555000686368595,63.9652076550056,0.02237148583500365,0.009548470973207658,1.0,6.0,2.0,0,-0.027110001372737225
2021-12-23 20:00:00+00:00,191.2,0.05245891015662263,0.014877933684641409,0.06811732402774284,-0.013862834495439902,22.205434312404257,0.015998514476502357,73.70177024301032,0.05774058577405854,0.009252106777773744,1.0,20.0,3.0,0,-0.031997028953004714
2022-02-01 11:00:00+00:00,106.35,0.08019326702448226,0.0003915392757294356,0.08061620511390077,-0.09576960005052526,45.71653753576287,0.02117802914236151,68.69222328762052,0.14085566525622933,0.012160036775090644,1.0,11.0,1.0,1,0.04235605828472311
2022-02-03 23:00:00+00:00,101.77,0.007933178072496938,0.002705628885451894,0.01066027119369517,-0.06378627465710474,23.757567806230618,0.02456360889750825,56.65272141326585,-0.0010808686253316246,0.01755174279011175,0.0,23.0,3.0,1,0.04912721779501661
2022-02-28 19:00:00+00:00,96.22,0.06771173532082342,0.001382458786215679,0.06918780279046333,-0.033441729658438835,27.051781148409514,0.020323978222620012,72.29199265439962,0.11795884431511115,0.013369328724749113,1.0,19.0,0.0,1,0.04064795644524
2022-03-16 23:00:00+00:00,87.77,0.055413351036941894,0.0001064633477985133,0.055525713875604676,-0.0291910526042386,34.31999696426346,0.015124832105558868,70.95823251511104,0.05616953400934252,0.008648803043130981,1.0,23.0,2.0,1,0.030249664211117633
2022-04-20 07:00:00+00:00,107.01,0.023328947096865615,0.0005841289851487019,0.02392670319620649,-0.02314715331793149,38.62744955271253,0.012934440418811565,56.05064559395871,0.04821979254275311,0.010608599901272752,1.0,7.0,2.0,1,0.025868880837623065
2022-04-20 19:00:00+00:00,106.04,0.0036196674998876244,0.007658759055648501,0.011306148716779374,-0.02024073831252371,30.758145556229156,0.014988530026704826,46.609233768965716,-0.008298755186721948,0.01116241300325646,1.0,19.0,2.0,1,0.0299770600534095
2022-06-20 11:00:00+00:00,36.34,0.12600667190138348,0.0031953373452555667,0.12960464307111685,-0.07985070122133464,23.21737673688728,0.03394899607121231,69.48004654103383,0.10842047330765009,0.02412731545828913,0.0,11.0,0.0,0,-0.06789799214242465
2022-07-05 23:00:00+00:00,35.4,0.024020644528404134,0.00015176010727291356,0.024176050011267325,-0.018694859765689853,25.51988397989796,0.02110940550547397,55.60450631528805,-0.03700564971751419,0.010971245768261135,1.0,23.0,1.0,1,0.04221881101094782
2022-07-15 07:00:00+00:00,37.46,0.05715706101446405,0.0012313743437555313,0.0584588170967173,-0.005633426498707794,46.99119819895028,0.017219606131115582,64.56194206801874,0.08302189001601706,0.012094155840096807,1.0,7.0,4.0,1,0.034439212262231234
2022-07-21 16:00:00+00:00,43.23,0.014038619423730303,0.05064908330940465,0.06539874593787665,0.04527854992393898,28.539573021041196,0.0228077225055866,57.41865209602906,-0.015035854730511352,0.016225493602810313,1.0,16.0,3.0,0,-0.045615445011173206
2022-07-28 20:00:00+00:00,43.81,0.1130119801734426,0.0023073724416118324,0.11558011334367868,0.0060465122668826865,49.493564236525586,0.022106178948427955,73.43051253571956,0.0972380734992012,0.01403035530185633,1.0,20.0,3.0,0,-0.04421235789685585
2022-08-02 16:00:00+00:00,42.19,0.01295837599088534,0.0044649383402790566,0.017481172680953838,0.021289302787220077,33.561292832883915,0.016973512013520622,61.5268173107744,0.006873666745674311,0.009637735461907784,0.0,16.0,1.0,0,-0.033947024027041306
2022-08-08 03:00:00+00:00,41.93,0.03654774999933319,0.0003184076896849408,0.03687779477365849,0.003383972490453413,21.994076878376998,0.010396204214030707,71.08205051296898,0.0517529215358932,0.00625552019176358,1.0,3.0,0.0,1,0.020792408428061293
2022-08-10 14:00:00+00:00,42.23,0.034981714797291064,0.00014472523790609593,0.03513150277219346,0.005759167229164364,35.60081537800531,0.014052982068430874,69.27621478496948,0.04925408477385741,0.009782000531311898,1.0,14.0,2.0,1,0.028105964136861727
2022-08-17 03:00:00+00:00,44.0,0.0026248464200133714,0.003707502440410515,0.006342080484931678,0.023512831332460182,22.93404105148994,0.013350670559523027,57.25586599206748,0.007727272727272805,0.00956967725680101,0.0,3.0,2.0,0,-0.026701341119046096
2022-09-06 09:00:00+00:00,32.99,0.027719953532687747,1.6253797790133362e-05,0.02773665788499713,-0.04210140228305548,36.80390113378813,0.012369594882195791,62.11537353851182,0.04092149136101853,0.006279033542325125,0.0,9.0,1.0,1,0.0247391897643916
2022-09-08 08:00:00+00:00,32.89,0.026722001043455013,0.0001591677713410622,0.02688542209614786,-0.03448945137581827,24.301392244242916,0.011961830615193488,64.75823938509164,0.04955913651565822,0.010950413286839383,0.0,8.0,3.0,1,0.023923661230387028
2022-09-24 05:00:00+00:00,33.9,0.04126679538712974,0.0005267765697314353,0.04181531033777919,-0.012924319357160652,32.135799986498355,0.01462568194763128,67.84212552053577,0.027728613569321468,0.010678485698782774,0.0,5.0,5.0,0,-0.029251363895262616
2022-09-26 08:00:00+00:00,33.27,0.00970378647721648,0.0038775349481827703,0.01361894819659426,-0.0065283251521484065,37.3860794333447,0.012951187370547394,57.918365082675294,-0.015930267508265525,0.00792256834374198,0.0,8.0,0.0,0,-0.025902374741094913
2022-09-26 13:00:00+00:00,33.19,0.007911535054127228,0.0032341623422009746,0.011171284585069552,-0.0063624157379397195,28.456733141472228,0.014163544832723052,55.96686538909055,-0.0018077734257307104,0.008077810162562756,0.0,13.0,0.0,1,0.02832708966544617
2022-09-28 15:00:00+00:00,33.12,0.0022353678515265596,0.0008900699341998219,0.0031274274194428298,-0.00266397537295171,27.83458909953939,0.014173855106125115,55.443559847261916,-0.03774154589371981,0.009192577164663845,1.0,15.0,2.0,1,0.028347710212250243
2022-09-28 18:00:00+00:00,33.51,0.013561887943777329,0.0012145282020288306,0.014792887441186453,-0.002552307695410483,23.21575623562156,0.014069224627796547,61.37182581825768,0.021187705162638047,0.009276153376037233,1.0,18.0,2.0,1,0.028138449255593168
2022-10-04 14:00:00+00:00,34.28,0.0361003893987657,0.0004066795621822106,0.03652175025150317,-0.001506453917807682,42.0678230462927,0.008667844379282214,76.64708345857876,0.041715285880980155,0.004907599507864282,1.0,14.0,1.0,0,-0.017335688758564394
2022-10-25 21:00:00+00:00,31.2,0.07058321015238933,0.0013679959497576721,0.07204776364775634,-0.02702018352704938,34.54840722026902,0.015927563398140755,69.53874802050721,0.09070512820512815,0.009925309109471524,1.0,21.0,1.0,1,0.03185512679628144
2022-11-03 04:00:00+00:00,31.87,0.002265556282587955,0.002207375637275577,0.004477932853606648,0.01362943416924911,28.005994494970672,0.015178474414875787,56.36553947581477,-0.013492312519610798,0.008586292697288406,0.0,4.0,3.0,0,-0.030356948829751595
2022-11-03 09:00:00+00:00,31.94,0.004427590057511921,0.0021268890271395335,0.0065638960773612975,0.01334729593034023,27.92172630004069,0.014346761651156767,56.47129638235355,0.01909830932999383,0.008290335344771988,0.0,9.0,3.0,0,-0.02869352330231356
2022-11-04 10:00:00+00:00,32.67,0.030519355414688976,0.000276165277582896,0.03080394907853168,0.011250783111024232,23.77657047888126,0.0121327477093725,66.02936158603374,0.0309152127333946,0.008526289171056793,1.0,10.0,4.0,0,-0.02426549541874501
2022-11-24 19:00:00+00:00,14.44,0.05556621543261486,0.0013479051848044321,0.05698901860730099,-0.1592367678141975,42.960596738743675,0.021383794165730628,58.88827873785394,0.026315789473684143,0.01646690832582455,1.0,19.0,3.0,0,-0.042767588331461215
2022-12-05 09:00:00+00:00,14.01,0.024236543950748146,0.0005417784854544472,0.02479145327427701,-0.05249430556997825,32.733450297420056,0.009342616429142758,64.13652875492559,0.04211277658815131,0.005065450289988132,1.0,9.0,0.0,0,-0.018685232858285494
2022-12-05 21:00:00+00:00,13.97,0.01602009237493829,0.004090761401111198,0.020176388151579294,-0.04879006610125769,23.776621131919313,0.01105646632510112,56.707132645029944,0.0257695060844668,0.005690960688574897,1.0,21.0,0.0,1,0.02211293265020231
2022-12-14 07:00:00+00:00,13.9,0.023791856215629625,0.0002562310690066294,0.02405418349738797,-0.022076651337676223,27.90439264702574,0.009967002653781247,59.90681222994514,0.0676258992805755,0.010343658416396496,1.0,7.0,2.0,1,0.019934005307562508
2023-01-02 21:00:00+00:00,11.37,0.08600070671891236,0.0020312829467048488,0.08820668143457988,-0.05947783333320389,55.68116710635179,0.01739852182481186,83.37124671583013,0.12225153913808258,0.014243884214367931,1.0,21.0,0.0,1,0.03479704364962366
2023-01-08 13:00:00+00:00,13.57,0.021675636164947498,0.06388766333102192,0.08694810524176111,0.03057550892364369,20.56051393080364,0.011236084751082651,61.867904981078425,0.02726602800294775,0.007951047588773916,1.0,13.0,6.0,1,0.022472169502165462
2023-01-11 19:00:00+00:00,16.0,0.009933066444715255,0.10551430679061635,0.11649545385555093,0.07553494917401138,20.255313708109437,0.017076610160864796,52.76506140785615,-0.024375000000000036,0.014686803281183271,1.0,19.0,2.0,1,0.03415322032172963
2023-01-20 18:00:00+00:00,22.9,0.059760527964173527,0.035378301515033295,0.09725305545622098,0.11537565680188555,22.678749597687556,0.016016151219979395,77.64411411677692,0.07423580786026199,0.012313607644224579,1.0,18.0,4.0,1,0.03203230243995869
2023-01-25 12:00:00+00:00,24.29,0.018062030932936457,0.026585231610048554,0.045127445818685,0.09614575154584903,38.78421099273491,0.01805500282514588,62.02591300934576,-0.006587072869493625,0.011607310678063436,1.0,12.0,2.0,0,-0.036110005650291765
2023-01-25 20:00:00+00:00,24.19,0.01631886441140673,0.022777791640073763,0.03946836374484608,0.09266419790861313,25.104590753176875,0.018886158283612602,58.76750001217971,-0.0024803637866886614,0.01160222858827321,1.0,20.0,2.0,1,0.03777231656722524
2023-02-02 01:00:00+00:00,25.36,0.05352413086969632,0.0004977854295706852,0.054048559831744614,0.04532352880611956,33.34959913728479,0.01911220628313941,68.16445618237805,0.058753943217665555,0.012117496688665038,1.0,1.0,3.0,0,-0.03822441256627884
2023-02-03 12:00:00+00:00,24.58,0.0028464273665194106,0.010299180796060625,0.013174924032650415,0.041422071741997524,20.465117058055633,0.013420039197893363,51.04080332204476,-0.02074857607811235,0.01131705176862668,1.0,12.0,4.0,0,-0.026840078395786615
2023-02-15 21:00:00+00:00,23.53,0.07728861253700248,0.0015721286160998993,0.07898224879257043,-0.019684763881724132,45.93352506766953,0.015128310480648907,80.01100362289907,0.0760730981725458,0.010225679327609781,1.0,21.0,2.0,0,-0.030256620961297775
2023-02-23 02:00:00+00:00,24.61,0.009125897058892551,0.017828228706191274,0.027116824344998847,0.021997890734759995,35.278324859123025,0.015252673729705136,60.84481796686232,0.008533116619260497,0.010107981298017195,1.0,2.0,3.0,0,-0.030505347459410248
2023-03-13 22:00:00+00:00,20.54,0.06552359400009844,0.0010915375401165939,0.06668665300282939,-0.04788236126340828,32.54975496437747,0.020349533014069693,64.02601894005332,0.03456669912366119,0.014788371932711096,1.0,22.0,0.0,1,0.04069906602813944
2023-03-17 11:00:00+00:00,20.68,0.04054604067034062,0.008574499603238861,0.04946820228322024,-0.023313063128794442,21.326833500434567,0.015196273002460906,67.9031927917022,0.0488394584139264,0.01316784983043783,1.0,11.0,4.0,0,-0.030392546004921805
2023-03-23 14:00:00+00:00,21.99,0.0022913245693281237,0.018881932670146373,0.021216521875718097,0.017717263672472505,22.45290148233348,0.015580374400581333,54.574552067174984,-0.032742155525238854,0.012635539377398636,1.0,14.0,3.0,1,0.031160748801162708
2023-04-01 09:00:00+00:00,21.03,0.009281616870610687,0.0002790963040300021,0.009563303639604781,-0.002749609857757851,29.844999399830964,0.010564419449971933,53.99873285589205,0.03613884926295775,0.006892468441465808,1.0,9.0,5.0,0,-0.02112883889994399
2023-04-01 17:00:00+00:00,20.91,0.0017661767242507231,0.0015009430762187304,0.003269770731195054,-0.0023833553640704164,24.01079061817948,0.009312526139287583,48.6114202632907,0.007651841224294602,0.006720247658827192,1.0,17.0,5.0,1,0.018625052278575138
2023-04-05 03:00:00+00:00,21.14,0.018034979249817784,0.00046944783587932193,0.01851289356767616,-0.0031845854861575207,20.599965718821064,0.00995218170302053,60.25031396928407,0.034058656575212815,0.007112650840217765,1.0,3.0,2.0,0,-0.01990436340604096
2023-04-05 19:00:00+00:00,20.92,0.0023032397059377097,0.0037535625688418506,0.006065447629126863,-0.002073489104093662,22.591556377018094,0.009638523041437556,49.19630682627721,-0.0009560229445506488,0.006940397123630591,0.0,19.0,2.0,0,-0.01927704608287517
2023-04-11 04:00:00+00:00,22.4,0.08927445823722047,0.0006890482083996563,0.09002502085112418,-0.0052145706801579594,36.72676799013217,0.01113173288116079,90.58877416557948,0.09732142857142856,0.007408589994627915,1.0,4.0,1.0,0,-0.02226346576232152
2023-04-16 22:00:00+00:00,25.42,0.0418174292161535,0.047463083923480864,0.09126529729198496,0.04020705468892327,22.518514813087922,0.01133399887094239,73.89629167968252,0.05114083398898508,0.008535538731877807,1.0,22.0,6.0,0,-0.02266799774188477
2023-04-28 11:00:00+00:00,22.49,0.017280728018137292,0.00018954238318835692,0.017473545831697468,-0.006596751515922983,25.297076881617294,0.01217555018531897,56.19738160777236,0.037349933303690526,0.011856876328015825,1.0,11.0,4.0,1,0.024351100370638035
2023-05-06 01:00:00+00:00,22.86,0.028093473384932954,0.00028845044111402984,0.02839002740083707,-0.0030632551141370756,29.10598449415238,0.010864559001912173,66.10767431532084,0.03893263342082242,0.00579108408332002,1.0,1.0,5.0,0,-0.021729118003824377
2023-05-28 07:00:00+00:00,20.49,0.03385990361722091,0.00029593876263134256,0.03416586283783163,-0.019398260182690308,53.17379436392632,0.007738649890457343,73.30745176870191,0.04685212298682271,0.004064959253994838,1.0,7.0,6.0,1,0.015477299780914722
2023-06-20 17:00:00+00:00,16.32,0.032158888012806974,0.00010571402870374058,0.032268001687121295,-0.05333946523414612,28.013244611962644,0.011758731599982534,67.71390679434118,0.03492647058823531,0.0053629155165567256,1.0,17.0,1.0,1,0.02351746319996506
2023-06-23 15:00:00+00:00,16.98,0.012565668323002654,0.025569905676930293,0.038456876953719465,-0.02417372051909461,36.68747200073033,0.013410163153424491,57.3327713453202,0.004711425206124962,0.008562435641000886,1.0,15.0,4.0,1,0.02682032630684894
2023-06-27 07:00:00+00:00,16.73,0.00358296964275695,0.002559782818169154,0.0061519240850558266,-0.009695716256390985,28.510741635184218,0.012253772243864574,56.98486523498051,-0.011954572624028648,0.008182729246127734,1.0,7.0,1.0,0,-0.024507544487729183
2023-06-27 10:00:00+00:00,16.69,0.0016509126383918993,0.002140633357259114,0.0037950799943147207,-0.009576699818339307,24.14082350333155,0.012006092149826115,54.73728015179326,-0.008388256440982445,0.00828088072113954,1.0,10.0,1.0,0,-0.02401218429965224
2023-06-29 14:00:00+00:00,17.38,0.04916821855497022,0.0002109772483585015,0.04938956917878601,-0.008995548828713007,34.070741980540625,0.019585075301690767,63.69703111098421,0.05983889528193321,0.011048044650665395,1.0,14.0,3.0,1,0.03917015060338147
2023-07-10 14:00:00+00:00,21.18,0.0006126186846053816,0.04604651183891395,0.04668733947703263,0.05140635903294899,25.94175115433281,0.013945641157298903,52.972403543912314,-0.014164305949008532,0.007675886180996578,0.0,14.0,0.0,1,0.02789128231459781
2023-07-19 01:00:00+00:00,26.27,0.0011733006845433547,0.03427974553761959,0.03549326667106811,0.08315642900627385,33.378688149576966,0.017629088665229914,58.31859672887847,-0.02283974114960036,0.00883324823661981,0.0,1.0,2.0,1,0.03525817733045988
2023-07-21 18:00:00+00:00,25.87,0.0036677255169133005,0.004556035571326333,0.008240471376160352,0.06284358360050901,26.037077452025358,0.011814493643631145,57.62992136259791,0.018167761886354945,0.009143143302518397,0.0,18.0,4.0,0,-0.02362898728726226
2023-07-22 00:00:00+00:00,25.8,0.001538155834658106,0.0038595993606327372,0.005403691860566884,0.06092580823660598,21.9949798391755,0.012284168324999631,54.63756413078379,0.02286821705426356,0.008697885078941344,0.0,0.0,5.0,0,-0.024568336649999245
2023-07-22 02:00:00+00:00,25.82,0.0023853838940484096,0.0037312679075158783,0.0061255523079351,0.06031145351097389,20.778908002868388,0.011759479032758858,54.683869558702355,0.010069713400464817,0.008744698880395996,0.0,2.0,5.0,0,-0.023518958065517737
2023-07-27 21:00:00+00:00,25.01,0.012027918237154323,7.815391269971883e-05,0.012107012178725896,0.017019510095077406,30.305268654216352,0.013248133853359247,50.78644387693237,-0.008796481407436978,0.006787984083605779,0.0,21.0,3.0,0,-0.026496267706718535
2023-07-28 09:00:00+00:00,24.79,0.0001951224597322998,0.002043411571590381,0.002238932746814859,0.016471113566311146,21.871677707758572,0.011209752215651543,45.94765509599991,-0.022589753933037606,0.0069270576167325916,0.0,9.0,4.0,1,0.02241950443130314
2023-07-28 12:00:00+00:00,24.8,0.0009210701204940275,0.0017456889974230005,0.0026683670198921483,0.016209568316538414,20.002968928044538,0.010105094356380571,47.45833451419597,-0.02056451612903218,0.006950803785817095,0.0,12.0,4.0,1,0.020210188712761257
2023-07-28 15:00:00+00:00,25.23,0.01707124212144051,0.0025754511104385536,0.0196906593813575,0.016141289966496553,20.33662163005471,0.01073320970488429,58.90866949718916,0.0027744748315497534,0.007033120341578482,0.0,15.0,4.0,0,-0.021466419409768678
2023-08-08 21:00:00+00:00,24.27,0.037347677613978725,0.0003402518013364553,0.0377006370298989,-0.011314615734645872,35.221655373356995,0.011205686851605754,67.29227736009292,0.05109188298310665,0.005905450992947872,1.0,21.0,1.0,1,0.022411373703211446
2023-08-14 14:00:00+00:00,24.64,0.0040042161947584365,0.011428045275863274,0.015478021834589573,0.00667781296645531,21.926586962395664,0.006252137581136713,57.67218469016796,0.0012175324675325137,0.0033462584238443064,0.0,14.0,0.0,1,0.012504275162273482
2023-08-30 05:00:00+00:00,21.74,0.033810360963538066,0.0009948109110371472,0.03483880679056783,-0.028376617076671273,42.12802347647856,0.011249054088895856,65.56427483274778,0.06117755289788401,0.00981267228496649,1.0,5.0,2.0,0,-0.022498108177791742
2023-09-15 23:00:00+00:00,19.14,0.01724844593901409,0.0002764256706686563,0.017529639522919194,-0.026371175879086772,26.368157735373426,0.010668372936546332,59.038538304873676,0.015151515151515107,0.009030180300670352,1.0,23.0,4.0,0,-0.021336745873092644
2023-09-18 02:00:00+00:00,19.1,0.008849699508518771,0.002566670475196098,0.011439084246157805,-0.018932317689907108,31.630119282916866,0.008981801075820124,58.39996849218802,0.006282722513089057,0.005678878693188988,1.0,2.0,0.0,1,0.01796360215164028
2023-09-29 01:00:00+00:00,20.21,0.041461034962409604,0.001052217361962704,0.04255687834520483,-0.001806252316708834,28.259840474225886,0.00877866509691882,78.84426719169831,0.04453240969816933,0.005320265740683264,1.0,1.0,4.0,1,0.01755733019383765
2023-10-07 04:00:00+00:00,23.87,0.024649388485382895,0.034893188620864324,0.060402672868056895,0.04403409746577647,21.780926300835024,0.012713794396956454,64.04902734610526,0.030582320904901567,0.007462070784147725,1.0,4.0,5.0,0,-0.025427588793912936
2023-10-16 10:00:00+00:00,23.0,0.04039615544208108,0.000707059378465047,0.04113177730110529,0.007143182992926045,40.387576426050096,0.009103842801076293,74.99373949721023,0.044782608695652225,0.0052590777390054385,1.0,10.0,0.0,1,0.018207685602152468
2023-11-04 08:00:00+00:00,41.92,0.04607804676484317,0.08516309165731206,0.13516528734217936,0.10237233972740434,20.46854394681565,0.02052409212066922,66.67272510463273,0.06536259541984737,0.01882503451888444,1.0,8.0,5.0,0,-0.04104818424133849
2023-11-14 13:00:00+00:00,55.7,0.008425955252515882,0.08598456299870616,0.09513502033145627,0.12064632670209807,32.4726325798959,0.028499660517459672,54.606854728746036,-0.028725314183123775,0.01860137789887502,1.0,13.0,1.0,0,-0.05699932103491945
2023-11-23 14:00:00+00:00,57.44,0.01007817814397316,0.000289907063568684,0.010371006942573535,0.05745489214222621,29.041402307720592,0.017214416845503375,51.716571616685826,0.04944289693593309,0.012332846182042665,1.0,14.0,3.0,1,0.0344288336910068
2023-11-24 03:00:00+00:00,57.28,0.00767340524430371,2.6880068204171437e-05,0.007700491574164081,0.05358171898117625,24.305743507802976,0.013325399045689114,53.604912979767725,-0.006284916201117308,0.011102674104786244,1.0,3.0,4.0,0,-0.02665079809137827
2023-11-25 01:00:00+00:00,58.78,0.027283076248949545,0.00435247452468035,0.03175429966795851,0.04879097109545372,22.199192893754542,0.014292976486837795,63.912094762209314,0.029942157196325245,0.008804745877592359,1.0,1.0,5.0,0,-0.02858595297367561
2023-11-26 20:00:00+00:00,57.93,0.00088477561986533,0.008289288672084894,0.009181398452473344,0.042208377949874754,25.555702771386276,0.011618870506299448,51.80786281957649,-0.017434835145865666,0.007020731166813099,1.0,20.0,6.0,0,-0.0232377410125989
2023-11-29 07:00:00+00:00,59.36,0.04068255714405966,0.0012090132289284128,0.041940756122762046,0.028230157545148904,35.71196338421847,0.012615140003774129,69.46220265564428,0.07193396226415087,0.00777115763628477,1.0,7.0,2.0,1,0.025230280007548123
2023-12-05 17:00:00+00:00,61.63,0.004258097556139706,0.012805042181375903,0.01711766485633448,0.03273791204552734,32.717941756328784,0.014360232199457848,56.33145889655474,0.013305208502352754,0.008610133910939927,1.0,17.0,1.0,1,0.028720464398915624
2023-12-06 00:00:00+00:00,63.15,0.02912043884899429,0.011884574340907728,0.04135109721024266,0.03197913133905139,27.743475865102397,0.016051238059787077,65.1479411410977,0.01805225653206652,0.0089084324129784,1.0,0.0,2.0,1,0.032102476119574064
2023-12-12 00:00:00+00:00,71.16,0.0035607641412154223,0.03861523656419141,0.04231350045506921,0.05601567405991892,38.03584191693476,0.022477953462575192,55.51326934685116,-0.033867341202922945,0.011468755749738551,0.0,0.0,1.0,0,-0.04495590692515039
2023-12-13 19:00:00+00:00,70.35,0.0312880187113449,0.0001823398238880447,0.03147606358705457,0.043971002390976066,22.88493038865251,0.01888367022778546,63.999544160125346,0.03880597014925359,0.0135333014671314,1.0,19.0,2.0,1,0.03776734045557095
2023-12-17 16:00:00+00:00,73.95,0.0036986230341231607,0.027479838297337578,0.03128009889436112,0.04621965442402898,30.637780456566823,0.015837063822141152,53.82883165540191,-0.032860040567951214,0.011082930290040866,0.0,16.0,6.0,0,-0.031674127644282346
2023-12-18 18:00:00+00:00,72.32,0.008267268054518828,0.0031581366072830352,0.011451513823687254,0.03896619700610238,31.611730062943508,0.018753156551165554,56.60413903340523,-0.023644911504424892,0.011083145668425621,0.0,18.0,0.0,1,0.03750631310233099
2023-12-19 19:00:00+00:00,74.26,0.011699476000206044,0.017266479469812523,0.029167964232183596,0.038453993749322235,24.859467351503383,0.01652614299121021,52.991266580904586,0.025855103689738777,0.010777084341078816,1.0,19.0,1.0,1,0.03305228598242049
2023-12-29 05:00:00+00:00,106.33,0.0102428211411274,0.030405950698066952,0.04096021455382037,0.10086822929068284,23.281176938947684,0.02511938502483814,58.03010591225986,0.011379667074202895,0.016143179161412367,0.0,5.0,4.0,0,-0.05023877004967625
2024-01-01 16:00:00+00:00,106.64,0.028201160237310008,0.006139431276162011,0.034513730598657144,0.06757849067783073,21.37001519788713,0.015625179189319785,64.33260602659146,0.030288822205551427,0.008935807503839623,1.0,16.0,0.0,1,0.03125035837863965
2024-01-11 12:00:00+00:00,106.8,0.07630768850595882,0.004163051343191171,0.08078841267428061,0.006535922914066905,20.33993262486231,0.02255437255737651,69.79091603879438,0.12397003745318348,0.015506917644730575,1.0,12.0,3.0,0,-0.045108745114753046
2024-01-27 04:00:00+00:00,92.63,0.030581836738001744,0.0004825408405741971,0.031079134563781752,-0.02402312964343445,44.45483659472006,0.012052245376757786,61.67564397077426,0.051387239555219594,0.009541725087850117,1.0,4.0,5.0,1,0.024104490753515728
2024-02-01 19:00:00+00:00,97.87,0.0001039612181772398,0.017247681931322756,0.017353436239524234,0.011591777847433482,22.915052768279757,0.015381274386681396,55.3005354625406,-0.0318790231940328,0.009617781667569205,1.0,19.0,3.0,1,0.030762548773362708
2024-02-05 07:00:00+00:00,97.62,0.003630822741831796,0.000267231737468121,0.0038990247503696285,0.01130144722148363,22.849421194840826,0.009614632179171988,58.67619307521259,0.011370620774431463,0.006281432759985239,1.0,7.0,0.0,0,-0.019229264358343934
2024-02-08 00:00:00+00:00,101.96,0.0510160653429832,0.0011145727555716967,0.05218749921508259,0.006844362915253255,33.144430484079166,0.010459897166827882,79.05562085075721,0.04835229501765391,0.007118580715558519,1.0,0.0,3.0,1,0.020919794333655872
2024-02-18 14:00:00+00:00,112.13,0.019095287553352103,0.003958129483435213,0.023128998657446997,0.03038032828720727,21.322336211386425,0.01040516059532858,64.51388753707535,0.04592883260501197,0.007073209877154201,1.0,14.0,6.0,1,0.020810321190657177
2024-02-27 02:00:00+00:00,111.17,0.0552133875685763,0.0007499140514710678,0.05600470691521431,-0.002100578082505744,37.66778096158954,0.013673703485466182,74.71798473519074,0.07744895205541062,0.006721375230241583,1.0,2.0,1.0,0,-0.02734740697093241
2024-03-06 05:00:00+00:00,129.59,0.009493394846035175,0.03077557344618076,0.0405611329625537,0.04907658956327565,26.83272706043354,0.0368284328193905,53.72248433250832,-0.02376726599274623,0.017794857487378052,1.0,5.0,2.0,1,0.07365686563878104
2024-03-20 21:00:00+00:00,189.92,0.056876355437249115,0.01858964891557502,0.076523315832,0.08262309389442257,20.059749867286747,0.03054548639243,64.6328075441775,0.0905117944397641,0.019432972915896088,1.0,21.0,2.0,0,-0.061090972784859976
2024-03-25 02:00:00+00:00,184.25,0.040301960933406544,0.0001830796399051593,0.04049241904180678,0.048769405495736384,20.9627588658943,0.013700937584809237,65.32767831539952,0.053622795115332404,0.009988593561922691,1.0,2.0,0.0,1,0.02740187516961856
2024-03-30 01:00:00+00:00,192.32,0.025122799335546953,0.016097955883213055,0.04162518093412637,0.04027327164417227,20.195353464853216,0.012946495106248738,60.988812403233894,0.018458818635607232,0.008805408211508048,1.0,1.0,5.0,1,0.02589299021249758
2024-04-21 10:00:00+00:00,150.99,0.030976437451716077,1.020362566883648e-06,0.030977489421480042,-0.05302586129392328,29.989803330437763,0.014155444366987542,59.114075029666594,0.06391151731902778,0.013338457700268097,1.0,10.0,6.0,0,-0.028310888733975026
2024-05-03 22:00:00+00:00,143.37,0.04013198770785875,0.000947972656389684,0.041118004391242025,-0.034543999906320844,30.452800906776112,0.014927848380961697,62.7828325912572,0.03229406430913019,0.013174117492017528,1.0,22.0,4.0,1,0.029855696761923234
2024-05-09 22:00:00+00:00,152.95,0.04123155218848318,0.008854127643693976,0.05045074925820159,0.0009722917348462534,20.24779435219927,0.014890258226842007,70.19132320238661,0.07466492317750892,0.009883214077883024,1.0,22.0,3.0,0,-0.02978051645368396
2024-05-14 05:00:00+00:00,148.62,0.017545647455189384,7.828151409072781e-05,0.017625302469128634,0.0011939582430169349,27.219419702105547,0.012181744813360413,58.888890999034516,0.06990983716861805,0.007142158931350657,1.0,5.0,1.0,0,-0.024363489626720747
2024-05-15 16:00:00+00:00,153.09,0.04952736769841226,0.0002190213592243584,0.049757236609028865,0.0004076775515129416,26.030221078317812,0.014327802818110101,74.83099941929856,0.06505976876347251,0.008571456040786615,1.0,16.0,2.0,1,0.02865560563622016
2024-05-23 21:00:00+00:00,178.97,0.014610728494698133,0.030935381705187615,0.04599809866286031,0.046684242071084014,31.0682876000352,0.019867117294129502,59.058343199418104,-0.006984410795105325,0.009136729689195246,1.0,21.0,3.0,0,-0.039734234588258976
2024-06-05 00:00:00+00:00,172.04,0.030360810807504635,7.439618290527861e-05,0.03043746571884398,0.005041095043782917,28.888069078696358,0.007833509920652423,76.56925968479327,0.03923506161357824,0.005141279932931249,1.0,0.0,2.0,1,0.01566701984130492
2024-06-27 13:00:00+00:00,148.03,0.08016128175983739,0.003929104016769713,0.08440534779075914,-0.0336288155907043,20.5301993034869,0.014136539683934711,82.27093850118126,0.0635681956360197,0.011175633914595898,0.0,13.0,3.0,0,-0.02827307936786938
2024-06-30 08:00:00+00:00,141.29,0.000792115591727649,0.011612126799267264,0.012413440537685894,-0.015524611754351048,22.563388791185634,0.008789414498984635,53.751323276681454,-0.0067945360605846696,0.00929195123224838,0.0,8.0,6.0,1,0.017578828997969254
2024-07-10 08:00:00+00:00,143.96,0.02267099598975819,0.009275422003933498,0.03215670104874624,-0.006618397754842853,20.432997715628556,0.01402239951847834,57.739227804740366,0.0099333148096694,0.011318557088224917,1.0,8.0,2.0,0,-0.028044799036956558
2024-07-13 23:00:00+00:00,141.9,0.017765885603522547,6.393455486586319e-06,0.017772392644407775,-0.004617887608791671,26.690701651300003,0.008975087601525747,64.33166774766534,0.017195207892882296,0.006305371693473285,1.0,23.0,5.0,1,0.017950175203051533
2024-07-26 00:00:00+00:00,172.9,0.00016393656327973183,0.01808384114237227,0.01825074230841972,0.045963446171210176,21.34595905441858,0.016389923711937305,53.66225110966114,-0.03233082706766919,0.010305033142655145,1.0,0.0,4.0,1,0.03277984742387452
2024-07-31 06:00:00+00:00,183.43,0.006450795802217302,0.014862575550351531,0.021409246792539083,0.042748494829514705,25.06176506987393,0.01275110903074687,57.688463995320696,0.0047429537153137686,0.0074925171259113,0.0,6.0,2.0,0,-0.025502218061493775
2024-08-09 00:00:00+00:00,161.18,0.05726533144994583,0.0007678701163129631,0.05807717390298017,-0.0320874865430989,30.53321212255182,0.020428192544422064,62.73872644968588,0.10578235513090961,0.014569067578875364,1.0,0.0,4.0,0,-0.04085638508884415
2024-08-23 18:00:00+00:00,148.28,0.0290178932742593,0.0006490121624578293,0.02968573840238098,-0.01735334295208657,36.174830664037,0.009849459331238547,70.86022056998603,0.035743188562179735,0.005003741989926138,1.0,18.0,4.0,1,0.019698918662476972
2024-09-10 12:00:00+00:00,134.45,0.01964035672993547,8.494647309498227e-05,0.019726971582064934,-0.02793934730671166,34.28924494504025,0.009842976635866934,57.579180722299085,0.038304202305689684,0.007077515436268026,1.0,12.0,1.0,1,0.019685953271733947
2024-09-11 17:00:00+00:00,133.09,0.0042595011629364965,0.0024989381378439646,0.0067690835306846164,-0.023105938280544747,22.457433332402974,0.01236743234143379,52.677426878825315,-0.019986475317454327,0.007503175707600078,1.0,17.0,2.0,1,0.024734864682867563
2024-09-13 15:00:00+00:00,136.59,0.018655791521471787,0.00819123586430881,0.026999841374368172,-0.015735708686495764,21.689311944551914,0.009093053591666832,62.41149198007252,0.022183175927959594,0.006214406700298585,1.0,15.0,4.0,1,0.018186107183333577
2024-09-19 09:00:00+00:00,138.64,0.03931404019413853,0.001076927338587108,0.040433305897400906,-0.008232348485109786,41.28403601770309,0.010536963566349505,71.94858003458384,0.06823427582227337,0.007300003442404361,1.0,9.0,3.0,1,0.021073927132699177
2024-09-23 00:00:00+00:00,145.59,0.0007146681454639481,0.03390940711674251,0.034648309235304264,0.0160912994270197,27.613317323306298,0.012576296650084182,51.08406917306305,-0.022322961741877877,0.007676819684621848,1.0,0.0,0.0,1,0.02515259330016839
2024-10-07 15:00:00+00:00,148.71,0.018605103376774457,0.00015676822298749116,0.01876478828875694,0.0003649278749200402,28.3210345693177,0.011301379603271164,55.53884702428633,0.01822338780176187,0.0061964273320735865,1.0,15.0,0.0,0,-0.02260275920654231
2024-10-07 19:00:00+00:00,147.09,0.005757837010674782,0.0014198535348561858,0.007185865830763749,0.0005931401890053589,24.568586140093764,0.012052678852403381,49.09978804097329,0.011353593038275994,0.006660324298417234,1.0,19.0,0.0,0,-0.024105357704806707
2024-10-07 21:00:00+00:00,146.87,0.004230377955912745,0.00141004283085433,0.0056463858008755086,0.00060368494099583,21.483748880634714,0.011782182145518186,48.86273756781692,0.01674950636617422,0.006820325143746805,1.0,21.0,0.0,0,-0.023564364291036366
2024-10-12 12:00:00+00:00,147.02,0.022344545454350495,0.00032547301363039516,0.02267729101452809,-0.005146052909818288,40.64663111270931,0.006365658311087634,67.72652661975074,0.027343218609713033,0.005317040297239455,1.0,12.0,5.0,0,-0.012731316622175193
2024-10-19 19:00:00+00:00,156.37,0.0125425536420396,0.018121414154146587,0.030891256605284356,0.015059963360200213,20.262324786500944,0.006733589893577562,59.93846520303436,0.009784485515124392,0.005363499943956905,1.0,19.0,5.0,1,0.01346717978715506
2024-10-26 17:00:00+00:00,170.05,0.002336154391920031,0.022976327273821706,0.025366157913612852,0.03495781850648472,30.2125703086708,0.011461370756408254,54.966604566833965,0.012408115260217662,0.007976612704083829,0.0,17.0,5.0,1,0.02292274151281659
2024-11-06 06:00:00+00:00,185.16,0.1041604865169099,0.002258221630362156,0.10665392561095355,0.0059210073840414434,39.767739583140205,0.017601220040712084,80.81085563206013,0.130697774897386,0.010599411077684646,1.0,6.0,2.0,1,0.03520244008142415
2024-11-29 23:00:00+00:00,243.33,0.013324420017682082,7.947966644228366e-05,0.013404958704583025,0.030262851164998716,31.170804995294155,0.009535943179342829,55.93766907193264,0.023589364237866308,0.0068827755169016845,1.0,23.0,4.0,0,-0.01907188635868573
2025-01-02 03:00:00+00:00,198.54,0.02899079747960065,0.00037822098012085803,0.02937998338755876,-0.024575291734423965,25.173749783127214,0.009924357206722656,68.38318768688943,0.04084819180014096,0.008202820797011397,1.0,3.0,3.0,1,0.019848714413445157
2025-01-15 23:00:00+00:00,205.86,0.07455306516211535,0.00011402545277516829,0.07467559156190151,-0.01875273037810221,45.14012395280357,0.011779416234918391,82.76067509636995,0.08884678907995734,0.009628915994500315,1.0,23.0,2.0,0,-0.0235588324698367
2025-01-21 17:00:00+00:00,249.12,0.013884817086533774,0.07050944953749405,0.08537327743372813,0.05526018041924452,29.014284185492723,0.02847770938111899,57.04056864712938,0.021154463712267223,0.024881379971928377,1.0,17.0,1.0,1,0.056955418762238086
2025-03-02 23:00:00+00:00,178.71,0.18091225568391756,0.0038206792358470576,0.18542414261856632,-0.0704918046377605,41.943139026983104,0.026052084549317282,83.14222098532699,0.19612780482345704,0.02151692472358143,1.0,23.0,6.0,0,-0.05210416909863469
2025-03-15 20:00:00+00:00,135.47,0.030161262710982628,0.00042923167189790057,0.030603440552100514,-0.05293939752079602,36.37296132792829,0.010095122190748661,61.909914546759616,0.008931866833985443,0.00727237021344742,1.0,20.0,5.0,0,-0.020190244381497302
2025-03-20 05:00:00+00:00,133.93,0.0325060601400855,0.0003862606336382246,0.03290487658511054,-0.03723786319513489,39.047308834299706,0.012097558263160243,62.5252585624884,0.06085268423803483,0.007446009902380947,1.0,5.0,3.0,0,-0.024195116526320448
2025-03-23 08:00:00+00:00,131.06,0.013071174266114705,4.292544021966549e-05,0.013114660792244104,-0.026811936544427373,22.33954458150697,0.006989568636081854,61.183907913592364,0.012589653593773887,0.006105863047865807,1.0,8.0,6.0,1,0.0139791372721636
2025-03-27 14:00:00+00:00,139.77,0.0009191739417280242,0.02585610398214655,0.02679904418088941,0.0033686011879741073,25.669304327950112,0.011443637194031244,53.91855608557445,-0.001860198898189818,0.006900701927896413,1.0,14.0,3.0,0,-0.022887274388062484
2025-04-11 17:00:00+00:00,121.41,0.05570339607570962,0.0008507781467959052,0.05660156545458905,-0.037889020116010586,39.438950106256804,0.015285402532827046,72.69705562776522,0.09019026439337784,0.015430491425864605,1.0,17.0,4.0,1,0.030570805065654127
2025-04-16 15:00:00+00:00,128.39,0.0035589949593792802,0.027698159457413718,0.031355732026685734,0.0075073410855934775,29.010081126903156,0.014229973008181912,55.41022799669146,-0.00950229768673594,0.009745093608796388,1.0,15.0,2.0,1,0.028459946016363924
2025-04-30 20:00:00+00:00,147.01,0.001991184107867028,0.0020791983457739693,0.004074522520344015,0.031543760695169176,22.31641515865791,0.011998628504259399,54.29606034335828,-0.01061152302564453,0.007447742994537374,1.0,20.0,2.0,1,0.023997257008518735
2025-04-30 22:00:00+00:00,147.12,0.0027124174369657084,0.0020597999268550105,0.004777804401058905,0.031243902310512883,20.131946601005712,0.011444295286281922,54.466683521410296,0.007340946166394864,0.00744421286327711,1.0,22.0,2.0,1,0.02288859057256376
2025-05-08 04:00:00+00:00,150.87,0.0277620807553427,0.0007786947687029588,0.028562393711098144,0.012409856033706923,23.340926327166073,0.009643607230756255,67.96767686535068,0.031086365745343656,0.005665308434107216,1.0,4.0,3.0,1,0.01928721446151238
2025-05-16 10:00:00+00:00,173.2,0.000736231459411929,0.01980543058297579,0.020556243423450082,0.04475883946647419,25.029549045900314,0.013426758139127503,53.74387599568928,0.01841801385681292,0.008322143844907984,1.0,10.0,4.0,0,-0.026853516278255052
2025-05-18 13:00:00+00:00,172.83,0.020697412314066632,0.00021299360551285673,0.020914814336053134,0.03324465025194012,25.356839155829505,0.00888464547328417,66.96232428747902,0.036799166811317556,0.007095675756486272,1.0,13.0,6.0,1,0.017769290946568317
2025-05-18 22:00:00+00:00,170.09,0.001748681184462031,0.0020593209252859346,0.0038116032055028892,0.032170855908736806,25.380862744807015,0.013474258641722208,50.511195972674926,0.028220353930272276,0.007675257565729318,1.0,22.0,6.0,0,-0.026948517283444495
2025-05-22 04:00:00+00:00,176.91,0.03990519269758863,0.007197564122989775,0.047389977003859496,0.020885948832525925,20.67711298604978,0.015331629174290424,65.33965776114795,0.03747668305918261,0.008926685659526985,1.0,4.0,3.0,1,0.030663258348580857
2025-05-25 22:00:00+00:00,174.89,0.005211252990279691,0.004860446750855063,0.010097028758799143,0.02194281881215665,30.420008580098692,0.009828143263222087,57.72437920729887,-0.007032992166504765,0.009119395271784804,1.0,22.0,6.0,1,0.019656286526444022
2025-05-27 17:00:00+00:00,178.41,0.015781424880147332,0.008624963617659853,0.024542502713233105,0.02015293824354769,20.160776606595658,0.009718579848972023,64.54420994580853,0.024830446723838388,0.005915737299934171,1.0,17.0,1.0,0,-0.019437159697944018
2025-06-10 04:00:00+00:00,159.3,0.02989461907365354,0.0004891811147880176,0.030398424071526264,-0.02264365281474434,32.2207128991611,0.008841441096999523,64.81833706518198,0.05310734463276841,0.005109212459149005,1.0,4.0,1.0,0,-0.01768288219399894
2025-06-16 19:00:00+00:00,157.79,0.03178239006530825,0.0005984069592963603,0.032399815828002776,-0.016098151108771552,36.80282409306901,0.010353311059123118,64.08208241786494,0.035236707015653734,0.007398308602398224,1.0,19.0,0.0,0,-0.020706622118246143
2025-06-17 02:00:00+00:00,153.25,0.001377489492165207,0.0010341999495808718,0.0024131140413095054,-0.015418398690294155,35.51238076380096,0.013898817462991576,46.266399557489386,-0.01605220228384997,0.00805553895747712,1.0,2.0,1.0,0,-0.027797634925983195
2025-06-25 09:00:00+00:00,145.5,0.01839152533050359,0.0001772612570887233,0.018572046692492128,-0.026205235311771546,39.32676670428811,0.010603761209868891,54.756781907521955,0.010378006872852171,0.009543765546542843,1.0,9.0,2.0,0,-0.02120752241973778
2025-06-28 16:00:00+00:00,149.16,0.035295805917131995,0.005862239128013869,0.04136495749964819,-0.016628132777920634,21.435975876369053,0.008616198270149271,72.09846839357849,0.03640386162510061,0.006426758382361405,1.0,16.0,5.0,1,0.01723239654029851
2025-07-02 06:00:00+00:00,149.67,0.0008044708091150543,0.013801843926807278,0.014617417916473308,0.00046013819161894176,29.0694993621261,0.008486492749833695,55.47593039430269,-0.010690185073829243,0.006915125978557746,1.0,6.0,2.0,0,-0.016972985499667304
2025-07-06 18:00:00+00:00,151.39,0.016323750118150127,0.0004618241799065892,0.016793113000568072,0.0030695045876676375,28.169984534965156,0.007547627475592396,63.056043090407385,0.03296122597265329,0.004939946527887384,1.0,18.0,6.0,1,0.015095254951184689
2025-07-09 12:00:00+00:00,154.06,0.017706531843175943,0.00905374332272868,0.026920585560348487,0.00543335524664168,21.164224337149186,0.007204427056808074,64.5095677545552,0.010710112943009253,0.00513051770596447,1.0,12.0,2.0,1,0.014408854113616032
2025-07-15 17:00:00+00:00,162.81,0.005697439841336305,0.016463577780774896,0.022254817866090404,0.022187736240116607,26.907685279314105,0.012063821571978866,55.716741737909594,-0.009458878447269775,0.006727299113333903,1.0,17.0,1.0,1,0.024127643143957656
2025-07-25 21:00:00+00:00,185.06,0.004283040872318455,0.002917644165179034,0.007213181426707793,0.04254602211963787,32.2475784567859,0.013426388532151183,58.14532497923046,-0.0028098994920566856,0.010569152502842412,0.0,21.0,4.0,1,0.026852777064302336
2025-08-08 02:00:00+00:00,174.84,0.030762144642374922,0.0004315531601817302,0.03120697330329092,-0.013844458528456172,24.868092977129713,0.009206174139097417,65.66822203818357,0.04444063143445442,0.007449019731416317,1.0,2.0,4.0,1,0.018412348278194823
2025-08-12 14:00:00+00:00,179.6,0.007905142957433053,0.012356525103372373,0.02035934815820495,0.005524477856641452,26.63789139798724,0.01115686296905509,58.52667076367785,0.004565701559020007,0.0070732037662105205,1.0,14.0,1.0,1,0.022313725938110096
2025-08-17 10:00:00+00:00,193.13,0.014556512623263629,0.016087633127150447,0.030878325585107946,0.02389901059944166,20.340668666814967,0.008906423984375581,61.12508704815392,0.033914979547454996,0.008501063523206478,1.0,10.0,6.0,0,-0.017812847968751155
2025-08-22 18:00:00+00:00,196.82,0.0646866343938477,0.00018816714652580835,0.06488697343978567,0.007873979016525867,28.290538620957815,0.014759341868645153,74.74071803844679,0.07448430037597803,0.010429223853293135,1.0,18.0,4.0,1,0.029518683737290274
2025-08-26 18:00:00+00:00,194.86,0.0036709682507469754,0.00472658751127919,0.00841490691471436,0.020233813222184205,26.18551380228046,0.014041512864899627,59.074139653861366,-0.008211023298778581,0.009779785039757013,0.0,18.0,1.0,1,0.02808302572979926
2025-08-31 00:00:00+00:00,205.43,0.006333486630813123,0.013937938805505423,0.0203597011854042,0.026970603284933947,21.302655386050656,0.01056222037776763,58.83472022992561,0.002093170423015172,0.009220321020100852,0.0,0.0,6.0,0,-0.021124440755535212
2025-09-01 07:00:00+00:00,202.92,0.0002869864721064541,0.005583683493804559,0.005872272407538404,0.023868857096722484,22.43582475185917,0.011594649917635157,53.10706283568696,-0.0031046717918392663,0.007917605166598786,0.0,7.0,0.0,0,-0.023189299835270405
2025-09-05 07:00:00+00:00,207.87,0.0105826029231324,0.007863085741098619,0.018528900578379526,0.019421308467889586,26.557459983179886,0.008939500671463076,60.1641932758355,0.005724731803531042,0.007522112510605689,1.0,7.0,4.0,0,-0.017879001342926193
2025-09-08 02:00:00+00:00,207.81,0.019210491807680086,0.0003933536453766262,0.019611401970038855,0.013253509314340883,26.32759150084592,0.0069896040906077305,65.72406036199209,0.024060439824839998,0.006400880412961716,1.0,2.0,0.0,1,0.013979208181215341
2025-09-18 00:00:00+00:00,244.73,0.03185625552639704,0.01982434786922682,0.052312132886990215,0.03898286909301296,20.078336891364795,0.012159283876059952,71.44247302870335,0.03473215380214931,0.006919705644461615,1.0,0.0,3.0,1,0.024318567752119824
2025-09-20 16:00:00+00:00,240.39,0.0009883175786851162,0.012983045516173686,0.013984194466967415,0.03557402112099339,29.541830391784963,0.006345122652117339,55.47018734258382,0.007363035068014401,0.005603869528077665,1.0,16.0,5.0,0,-0.012690245304234682
2025-10-01 15:00:00+00:00,220.25,0.04385998656264123,0.00016029515728921417,0.04402731226337542,-0.01933918504624943,25.677653279930976,0.010441974862499832,71.09151900533146,0.06469920544835414,0.007333924183034478,1.0,15.0,2.0,1,0.02088394972499974
2025-10-08 17:00:00+00:00,226.92,0.00783095005284351,0.0008711081879979599,0.008708879845552353,0.010071186037510893,40.85555090328175,0.011698315522372918,60.65142704370183,0.018596862330336677,0.00640597690554468,1.0,17.0,2.0,0,-0.023396631044745764
2025-10-09 03:00:00+00:00,226.19,0.0006917727699862208,0.0035217957061135508,0.004216004758470726,0.010177391356440024,27.956493934473254,0.011135348368889473,51.82105447954739,0.03483796807993278,0.006662232299876848,1.0,3.0,3.0,0,-0.02227069673777904
2025-10-09 12:00:00+00:00,225.95,0.001986321444723993,0.0014943776481068927,0.003483667407199631,0.009559612379760107,23.240434731668074,0.011505517834284468,52.671809736441524,0.01619827395441468,0.0070591796523646905,1.0,12.0,3.0,0,-0.02301103566856888
2025-10-24 20:00:00+00:00,193.6,0.018398486220222443,2.786993713854713e-05,0.018426868922015505,-0.027226762925916415,22.894346851048393,0.010148193342592825,59.629856865216894,0.02479338842975198,0.00604167554618238,1.0,20.0,4.0,1,0.02029638668518574
2025-10-29 11:00:00+00:00,198.74,0.0067726557733029935,0.011463380320891225,0.018313673623106208,-0.005807375995908748,32.92456739564489,0.01050371354188038,57.10666864220346,-0.004981382711079705,0.006872151031846192,1.0,11.0,2.0,0,-0.0210074270837608
2025-10-30 02:00:00+00:00,198.17,0.00654615623232524,0.00790430700419642,0.014502206065079237,-0.004977415530764251,22.4062500196888,0.01410756103323125,54.811098343140465,0.017611141948831715,0.008068832649929096,0.0,2.0,3.0,0,-0.028215122066462484
2025-11-26 20:00:00+00:00,142.91,0.03971053512485212,0.008918860439091292,0.04898356828468353,-0.043016582827965055,20.36579520852618,0.013098324098586729,64.52547387914142,0.036106640542999065,0.008695575696629586,1.0,20.0,2.0,0,-0.02619664819717349
2025-12-03 09:00:00+00:00,142.09,0.05007670450035473,0.00031970632608468996,0.050412420665657764,-0.024351105326397837,46.99735678691849,0.010389930054283231,71.09708494690943,0.1078189879653741,0.009977834035019267,1.0,9.0,2.0,0,-0.020779860108566472
2025-12-09 20:00:00+00:00,140.15,0.03430042986050008,6.69947827736106e-05,0.03436972259312121,-0.012233290136082431,27.83048608147615,0.013709274225671357,62.307910294999324,0.04323938637174458,0.010742629618537766,1.0,20.0,1.0,0,-0.02741854845134284
2025-12-12 09:00:00+00:00,138.25,0.020177016190521035,3.024938945683786e-05,0.0202078759223987,-0.009098003647536879,33.42780894879772,0.011280802422761468,62.537772070531126,0.052802893309222505,0.009804031954344407,1.0,9.0,4.0,0,-0.022561604845522942
2025-12-29 03:00:00+00:00,128.58,0.03337894520039719,0.0008187415655138697,0.034225015495759736,-0.016256593288865195,31.3649048284607,0.008567636137181327,77.43354077663126,0.03460880385752074,0.0048500293713484325,1.0,3.0,0.0,0,-0.017135272274362623
2025-12-31 05:00:00+00:00,125.64,0.00779854585590134,0.0016992187407935955,0.009511016031964026,-0.012253395611450668,20.44195442440145,0.006715190226438483,58.63127970114328,0.01766953199617955,0.004523234583839597,1.0,5.0,2.0,1,0.013430380452877033
2026-01-01 00:00:00+00:00,125.15,0.00117427178980134,0.0030867191270991245,0.004264615564094187,-0.010545706145051237,41.258230410401154,0.010192376116829951,50.413995551498324,0.0015980823012385365,0.0041174325894292214,0.0,0.0,3.0,1,0.020384752233659986
2026-01-01 09:00:00+00:00,125.05,0.00055147964796598,0.0026859088841830747,0.0032388697562351076,-0.009978163978863086,51.60059971248429,0.00735353769204834,50.35925791196384,-0.009996001599360257,0.0034564749317825055,0.0,9.0,3.0,1,0.014707075384096768
2026-01-01 17:00:00+00:00,125.2,0.0019067247174793245,0.0023641823952793573,0.0042754149577683975,-0.009509517804755507,46.22056601700411,0.006345469978818423,52.744573334888265,0.001277955271565468,0.0032178722129990187,0.0,17.0,3.0,1,0.012690939957636926
2026-01-11 16:00:00+00:00,140.04,0.022787500615076617,0.01100229726032409,0.034040512730987516,0.01857747707238766,23.230408979003844,0.006595908327898757,73.68148881215848,0.025921165381319593,0.005566016567286387,1.0,16.0,6.0,0,-0.013191816655797495
2026-01-16 17:00:00+00:00,143.31,0.0005448536378298563,0.01690453463134145,0.017458598766361133,0.024219483933979546,26.674303348451154,0.008412702754864868,52.26775261343807,0.004535622078012739,0.005983223459108122,1.0,17.0,4.0,0,-0.016825405509729885
2026-02-15 09:00:00+00:00,90.0,0.04309462807700526,0.00021220550014722228,0.04331597849425717,-0.07730217100997838,53.80871993784421,0.012050009650284715,68.01217658992577,0.04422222222222227,0.00747053380781428,1.0,9.0,6.0,0,-0.024100019300569375
2026-02-21 21:00:00+00:00,85.84,0.014698391249799325,0.00013474313932304582,0.014835114896502466,-0.04383437071968832,20.144877001407878,0.007827752072317732,57.09617519235478,0.015027958993476307,0.0055684186576298025,1.0,21.0,5.0,0,-0.015655504144635457
2026-02-25 22:00:00+00:00,89.1,0.07584813512007993,0.0019800926345758807,0.07797841408835349,-0.03610825123132111,55.80259921667774,0.014961183602423609,81.34533674491252,0.11245791245791242,0.009584869119976776,1.0,22.0,2.0,0,-0.0299223672048472
2026-03-01 05:00:00+00:00,87.26,0.04481182453514787,0.0012910167006063844,0.04616069404961376,-0.02157634888549398,39.0094403515856,0.015874208157397384,69.2844103586745,0.06532202612881048,0.010785810283064015,1.0,5.0,6.0,0,-0.03174841631479475
2026-03-04 02:00:00+00:00,87.08,0.01986055231189554,0.012241214243873255,0.032344883831620264,-0.010563900429398032,20.48227243037262,0.015045497860218726,60.93125537817197,0.009990813045475477,0.009458908636734346,1.0,2.0,2.0,1,0.030090995720437386
2026-03-10 14:00:00+00:00,88.1,0.03342099248892105,0.0005577332097637111,0.03399736569609901,-0.0037706331054901954,32.277057705056244,0.01294301962043119,66.59196022455369,0.0317820658342792,0.00638512289915262,1.0,14.0,1.0,0,-0.025886039240862302
2026-03-13 02:00:00+00:00,89.09,0.02877397324819775,0.009477904960293992,0.03852459519226814,0.00019482872098253168,20.029124602748375,0.01382418518799086,61.48651294510047,0.043551464810865526,0.008397373484682816,1.0,2.0,4.0,1,0.02764837037598178
2026-03-15 04:00:00+00:00,88.32,0.007213304192519976,0.011179180075651107,0.018473123094679522,0.0047282776981363295,20.175549995275258,0.0063879843809111,58.37198379574857,0.0007925724637680388,0.006927499851200873,1.0,4.0,6.0,1,0.012775968761822298
2026-03-24 07:00:00+00:00,91.72,0.02600402015591996,0.0005821506123544484,0.02660130902453206,0.006324994628901459,25.020406448921822,0.010347521475984535,64.091344897207,0.062472743131269125,0.0073400768769831155,1.0,7.0,1.0,0,-0.02069504295196911
2026-03-24 20:00:00+00:00,90.04,0.0037633795206928333,0.002753517722822396,0.006527259775723104,0.006520368139556254,23.587564910464017,0.011125663966688432,50.225525147865625,-0.019435806308307418,0.007986891493907869,0.0,20.0,1.0,1,0.02225132793337692
2026-04-08 05:00:00+00:00,84.22,0.03139816460824618,8.522950598743861e-05,0.03148607016429228,-0.018292551069822194,39.73217730899891,0.010620724410605522,66.59707556802991,0.054737592020897646,0.006872510308360354,1.0,5.0,2.0,0,-0.02124144882121104
2026-04-09 22:00:00+00:00,83.99,0.013012814816664386,0.008873554336187084,0.022001839072193885,-0.012052255542011725,21.522923671684755,0.010337306119599217,58.23949375379362,0.01619240385760209,0.006833283796263891,1.0,22.0,3.0,1,0.02067461223919831
2026-04-13 20:00:00+00:00,83.93,0.012945371524770932,0.0003860233040928751,0.01333639204395265,-0.004949302103807729,21.08693639882967,0.009191217135784626,61.058555741818985,0.015012510425354522,0.0057357227883475335,1.0,20.0,0.0,1,0.01838243427156927
2026-04-15 19:00:00+00:00,85.51,0.016400966941462647,0.007587915628101571,0.024113331722935394,-0.0004818369173270609,21.582101457639187,0.008157074067998288,66.49825084961421,0.0182434802947024,0.006396956270411067,1.0,19.0,2.0,0,-0.01631414813599663
2026-04-19 14:00:00+00:00,86.53,0.0002847689751150906,0.010653290839017782,0.010941093540846714,0.009171964633445162,42.57371854268782,0.007691318457938773,56.653719609083076,-0.00335143880734996,0.0062199138565392715,1.0,14.0,6.0,0,-0.015382636915877601
2026-04-22 06:00:00+00:00,87.96,0.023292999359459277,0.004323148800611021,0.027716847262313715,0.006795566073456882,21.6600311115507,0.008472027364227348,67.78371172299073,0.026034561164165443,0.0049778008277012835,1.0,6.0,2.0,0,-0.016944054728454616
2026-04-24 01:00:00+00:00,86.28,0.0004798654734163854,0.003480418004050856,0.0039619536099004815,0.007172159149375412,22.032227377158993,0.006618168768633646,53.256467151580146,-0.0018544274455261542,0.004121524050730915,1.0,1.0,4.0,0,-0.013236337537267162
2026-04-24 11:00:00+00:00,86.19,0.001753990280834783,0.0015037143425749022,0.0032603421237518138,0.006652478182105348,21.51354765244786,0.00630089929077932,55.22152284105406,0.004408864137370872,0.004244823562815038,1.0,11.0,4.0,1,0.012601798581558743
2026-05-05 19:00:00+00:00,86.49,0.01971773521176634,0.003341350014985478,0.023124969081597335,-0.0021353920792051007,21.326731231316064,0.005941484079087466,71.87698646523128,0.02370216209966467,0.003825495613497764,1.0,19.0,1.0,1,0.011882968158174911
2026-05-14 15:00:00+00:00,93.16,0.007081160757704152,0.005427465751087324,0.012547059266281746,0.023028239013837437,28.151324265475612,0.00871315173848397,61.17112742303347,0.02930442249892647,0.0055204853969877616,1.0,15.0,3.0,0,-0.01742630347696794
2026-06-14 03:00:00+00:00,68.94,0.0202047985217928,0.000579296205505786,0.020795799290415307,-0.04821238531688854,43.868968183655944,0.006932681373001599,64.27864027440279,0.0298810559907166,0.0059886506697447665,1.0,3.0,6.0,0,-0.013865362746003251
2026-06-14 20:00:00+00:00,67.81,0.0016686146977586969,0.0016164862540188896,0.0032877982444998732,-0.044096354090378265,25.67839731117798,0.00670623023998264,48.674969482243,-0.006931131101607415,0.0050140836946854835,0.0,20.0,6.0,1,0.013412460479965471
2026-06-20 11:00:00+00:00,71.78,0.02018424223196047,0.000576210228258045,0.02077208282704235,-0.011135358493067238,33.30805577214876,0.008991998847930577,65.82073750559687,0.049178044023404865,0.008089248719125324,0.0,11.0,5.0,0,-0.01798399769586123
