entry_idx,exit_idx,entry_date,exit_date,entry_price,exit_price,dur_h,gross,net,mfe,mae,reason,dur_d
405,431,2021-01-17 21:00:00+00:00,2021-01-18 23:00:00+00:00,3.8552,3.7868,26.0,-0.017742270180535424,-0.019342270180535425,0.08165594521684993,-0.061864494708445794,Chandelier 3xATR (trailing),1.0833333333333333
475,488,2021-01-20 19:00:00+00:00,2021-01-21 08:00:00+00:00,3.674,3.4671,13.0,-0.05631464344039194,-0.05791464344039194,0.0183179096352748,-0.05756668481219385,rottura EMA200 (trend),0.5416666666666666
556,566,2021-01-24 04:00:00+00:00,2021-01-24 14:00:00+00:00,3.5742,3.5762,10.0,0.0005595657769570384,-0.0010404342230429617,0.06037714733366917,-0.0010072183985225802,Chandelier 3xATR (trailing),0.4166666666666667
567,590,2021-01-24 15:00:00+00:00,2021-01-25 14:00:00+00:00,3.5936,3.459,23.0,-0.03745547640249325,-0.039055476402493246,0.029162956366874493,-0.04279830810329477,rottura EMA200 (trend),0.9583333333333334
595,632,2021-01-25 19:00:00+00:00,2021-01-27 08:00:00+00:00,3.893,3.6738,37.0,-0.05630619059851005,-0.05790619059851005,0.05240174672489095,-0.06298484459285891,Chandelier 3xATR (trailing),1.5416666666666667
709,735,2021-01-30 13:00:00+00:00,2021-01-31 15:00:00+00:00,3.9253,4.2266,26.0,0.07675846432119848,0.07515846432119848,0.22411025908847715,-0.003082566937558928,Chandelier 3xATR (trailing),1.0833333333333333
736,865,2021-01-31 16:00:00+00:00,2021-02-06 01:00:00+00:00,4.3572,6.157,129.0,0.4130634352336364,0.41146343523363643,0.6395391535848711,-0.05730744514826036,Chandelier 3xATR (trailing),5.375
885,892,2021-02-06 21:00:00+00:00,2021-02-07 04:00:00+00:00,6.3401,5.8141,7.0,-0.08296399110424124,-0.08456399110424125,0.002697118341981941,-0.09307424173120293,Chandelier 3xATR (trailing),0.2916666666666667
896,948,2021-02-07 08:00:00+00:00,2021-02-09 12:00:00+00:00,6.4118,7.5938,52.0,0.18434760909572967,0.18274760909572968,0.3248229826257838,-0.04706946567266601,Chandelier 3xATR (trailing),2.1666666666666665
949,1030,2021-02-09 13:00:00+00:00,2021-02-12 23:00:00+00:00,7.7303,9.2,82.0,0.190121987503719,0.188521987503719,0.28455557999042735,-0.06083851855684774,Chandelier 3xATR (trailing),3.4166666666666665
1057,1065,2021-02-14 02:00:00+00:00,2021-02-14 10:00:00+00:00,9.2053,8.58,8.0,-0.06792825872051966,-0.06952825872051967,0.001575179516148273,-0.06814552486067804,Chandelier 3xATR (trailing),0.3333333333333333
1092,1108,2021-02-15 13:00:00+00:00,2021-02-16 05:00:00+00:00,8.6703,8.6413,16.0,-0.0033447516233579,-0.0049447516233579,0.08185414576196925,-0.01043793179013397,Chandelier 3xATR (trailing),0.6666666666666666
1144,1145,2021-02-17 17:00:00+00:00,2021-02-17 18:00:00+00:00,8.3101,8.2708,1.0,-0.004729184967690037,-0.0063291849676900365,0.002490944753974045,-0.015282607910855561,rottura EMA200 (trend),0.041666666666666664
1146,1149,2021-02-17 19:00:00+00:00,2021-02-17 22:00:00+00:00,8.4013,8.2218,3.0,-0.021365741016271422,-0.022965741016271423,0.00245200147596214,-0.023436849059074283,rottura EMA200 (trend),0.125
1155,1177,2021-02-18 04:00:00+00:00,2021-02-19 02:00:00+00:00,8.5383,8.7182,22.0,0.02106976798660165,0.01946976798660165,0.0915521825187684,-0.014733612077345581,Chandelier 3xATR (trailing),0.9166666666666666
1178,1213,2021-02-19 03:00:00+00:00,2021-02-20 14:00:00+00:00,8.6818,10.3413,35.0,0.1911469971664861,0.1895469971664861,0.3649243244488469,-0.014328825819530655,Chandelier 3xATR (trailing),1.4583333333333333
1215,1250,2021-02-20 16:00:00+00:00,2021-02-22 03:00:00+00:00,10.5829,10.5136,35.0,-0.006548299615417363,-0.008148299615417364,0.10278846062988412,-0.07467707339198137,Chandelier 3xATR (trailing),1.4583333333333333
1263,1279,2021-02-22 16:00:00+00:00,2021-02-23 08:00:00+00:00,11.1397,11.7772,16.0,0.057227752991552805,0.05562775299155281,0.3682774221926983,-0.014847796619298581,Chandelier 3xATR (trailing),0.6666666666666666
1280,1327,2021-02-23 09:00:00+00:00,2021-02-25 08:00:00+00:00,12.4117,15.8489,47.0,0.2769322494098312,0.2753322494098312,0.4667773149528269,-0.00701757212952292,Chandelier 3xATR (trailing),1.9583333333333333
1328,1340,2021-02-25 09:00:00+00:00,2021-02-25 21:00:00+00:00,15.8266,14.4578,12.0,-0.08648730618073364,-0.08808730618073364,0.04191045455119857,-0.08824384264466145,Chandelier 3xATR (trailing),0.5
1359,1364,2021-02-26 16:00:00+00:00,2021-02-26 21:00:00+00:00,15.0251,13.6402,5.0,-0.09217243146468246,-0.09377243146468246,0.03215951973697351,-0.0933903934083633,Chandelier 3xATR (trailing),0.20833333333333334
1410,1445,2021-02-28 19:00:00+00:00,2021-03-02 06:00:00+00:00,13.2421,14.3325,35.0,0.08234343495367047,0.08074343495367046,0.17405094358145612,-0.023651837699458556,Chandelier 3xATR (trailing),1.4583333333333333
1599,1606,2021-03-08 17:00:00+00:00,2021-03-09 00:00:00+00:00,13.7084,13.315,7.0,-0.028697732776983398,-0.0302977327769834,0.007776253975664504,-0.0371961716903505,rottura EMA200 (trend),0.2916666666666667
1616,1653,2021-03-09 10:00:00+00:00,2021-03-10 23:00:00+00:00,14.3583,14.2048,37.0,-0.010690680651609163,-0.012290680651609164,0.059442970268067885,-0.026061581106398446,Chandelier 3xATR (trailing),1.5416666666666667
1667,1690,2021-03-11 13:00:00+00:00,2021-03-12 12:00:00+00:00,14.5301,15.423,23.0,0.06145174499831385,0.059851744998313854,0.13557374002931843,-0.02913262813057027,Chandelier 3xATR (trailing),0.9583333333333334
1691,1702,2021-03-12 13:00:00+00:00,2021-03-13 00:00:00+00:00,15.2137,14.3389,11.0,-0.057500805195317306,-0.0591008051953173,0.024990633442226518,-0.07449864267075068,Chandelier 3xATR (trailing),0.4583333333333333
1712,1733,2021-03-13 10:00:00+00:00,2021-03-14 07:00:00+00:00,14.8553,14.5596,21.0,-0.01990535364482715,-0.02150535364482715,0.037151723627257605,-0.02163537592643705,Chandelier 3xATR (trailing),0.875
1744,1755,2021-03-14 18:00:00+00:00,2021-03-15 05:00:00+00:00,14.8525,14.0802,11.0,-0.051997980138023925,-0.05359798013802392,0.013007911126073024,-0.05248947988554109,rottura EMA200 (trend),0.4583333333333333
1879,1893,2021-03-20 09:00:00+00:00,2021-03-20 23:00:00+00:00,14.5,14.1894,14.0,-0.02142068965517252,-0.02302068965517252,0.03305517241379308,-0.02376551724137932,rottura EMA200 (trend),0.5833333333333334
1920,1937,2021-03-22 02:00:00+00:00,2021-03-22 19:00:00+00:00,14.7839,15.4325,17.0,0.043872050000338225,0.04227205000033823,0.12216668132224928,0.0,Chandelier 3xATR (trailing),0.7083333333333334
1938,1948,2021-03-22 20:00:00+00:00,2021-03-23 06:00:00+00:00,15.0745,14.1335,10.0,-0.06242329762181176,-0.06402329762181176,0.010116421771866335,-0.07031078974427019,rottura EMA200 (trend),0.4166666666666667
1973,1986,2021-03-24 07:00:00+00:00,2021-03-24 20:00:00+00:00,14.66,14.392,13.0,-0.01828103683492499,-0.01988103683492499,0.04856070941336976,-0.024788540245566204,rottura EMA200 (trend),0.5416666666666666
2045,2091,2021-03-27 07:00:00+00:00,2021-03-29 05:00:00+00:00,16.027,17.7295,46.0,0.10622699195108254,0.10462699195108253,0.20920945903787347,-0.040369376676857804,Chandelier 3xATR (trailing),1.9166666666666667
2092,2125,2021-03-29 06:00:00+00:00,2021-03-30 15:00:00+00:00,17.8742,19.4093,33.0,0.0858835640196487,0.08428356401964869,0.1676047039867521,-0.0007217106220137604,Chandelier 3xATR (trailing),1.375
2126,2174,2021-03-30 16:00:00+00:00,2021-04-01 16:00:00+00:00,19.4771,19.1575,48.0,-0.01640901366219827,-0.01800901366219827,0.04524287496598567,-0.07583777872475883,Chandelier 3xATR (trailing),2.0
2194,2221,2021-04-02 12:00:00+00:00,2021-04-03 15:00:00+00:00,19.2584,21.031,27.0,0.09204295268558127,0.09044295268558127,0.1838989739542225,-0.013599260582395245,Chandelier 3xATR (trailing),1.125
2222,2260,2021-04-03 16:00:00+00:00,2021-04-05 06:00:00+00:00,21.261,22.94,38.0,0.0789708856591882,0.07737088565918819,0.2008325102299986,-0.03877051879027327,Chandelier 3xATR (trailing),1.5833333333333333
2302,2389,2021-04-07 00:00:00+00:00,2021-04-10 15:00:00+00:00,24.7636,27.0614,87.0,0.09278941672454732,0.09118941672454732,0.17107367264856488,-0.07494063867935186,Chandelier 3xATR (trailing),3.625
2414,2432,2021-04-11 16:00:00+00:00,2021-04-12 10:00:00+00:00,27.397,27.7229,18.0,0.011895463006898588,0.010295463006898587,0.09243712815271765,-4.380041610385632e-05,Chandelier 3xATR (trailing),0.75
2433,2452,2021-04-12 11:00:00+00:00,2021-04-13 06:00:00+00:00,28.0877,26.91,19.0,-0.0419293854605397,-0.0435293854605397,0.025936619943961015,-0.04573888214414146,Chandelier 3xATR (trailing),0.7916666666666666
2507,2527,2021-04-15 13:00:00+00:00,2021-04-16 09:00:00+00:00,27.3646,26.3079,20.0,-0.038615583637253925,-0.04021558363725392,0.03261513049706566,-0.049867346864196804,rottura EMA200 (trend),0.8333333333333334
2585,2614,2021-04-18 19:00:00+00:00,2021-04-20 00:00:00+00:00,30.2,29.4189,29.0,-0.02586423841059593,-0.02746423841059593,0.1951986754966888,-0.04602649006622517,Chandelier 3xATR (trailing),1.2083333333333333
2615,2691,2021-04-20 01:00:00+00:00,2021-04-23 07:00:00+00:00,30.4787,32.2237,78.0,0.057253098065206176,0.05565309806520618,0.369480981800405,-0.049582167218418016,Chandelier 3xATR (trailing),3.25
2695,2789,2021-04-23 11:00:00+00:00,2021-04-27 12:00:00+00:00,35.2822,44.154,97.0,0.2514525738190929,0.24985257381909293,0.37871221182352555,-0.053347013508228014,Chandelier 3xATR (trailing),4.041666666666667
2798,2841,2021-04-27 21:00:00+00:00,2021-04-29 16:00:00+00:00,44.3,42.872,43.0,-0.03223476297968386,-0.03383476297968386,0.06009029345372485,-0.08541760722347624,Chandelier 3xATR (trailing),1.7916666666666667
2857,2909,2021-04-30 08:00:00+00:00,2021-05-02 12:00:00+00:00,43.9,46.094,52.0,0.04997722095671997,0.04837722095671997,0.13872437357630996,-0.043257403189066124,Chandelier 3xATR (trailing),2.1666666666666665
2951,2960,2021-05-04 06:00:00+00:00,2021-05-04 15:00:00+00:00,46.824,43.594,9.0,-0.06898171877669568,-0.07058171877669568,0.02105757731078084,-0.0817743037758415,rottura EMA200 (trend),0.375
2978,2981,2021-05-05 09:00:00+00:00,2021-05-05 12:00:00+00:00,45.408,44.329,3.0,-0.023762332628611715,-0.025362332628611716,0.008853065539112137,-0.03254933051444686,rottura EMA200 (trend),0.125
3064,3077,2021-05-08 23:00:00+00:00,2021-05-09 12:00:00+00:00,45.612,43.43,13.0,-0.047838288169779974,-0.04943828816977997,0.03371919670262202,-0.06603525388055775,rottura EMA200 (trend),0.5416666666666666
3082,3087,2021-05-09 17:00:00+00:00,2021-05-09 22:00:00+00:00,44.75,44.185,5.0,-0.012625698324022272,-0.014225698324022273,0.005586592178770999,-0.01736312849162014,rottura EMA200 (trend),0.20833333333333334
3090,3099,2021-05-10 01:00:00+00:00,2021-05-10 10:00:00+00:00,45.084,44.23,9.0,-0.018942418596398003,-0.020542418596398004,0.017877739331026543,-0.020206725224026334,rottura EMA200 (trend),0.375
3150,3160,2021-05-12 13:00:00+00:00,2021-05-12 23:00:00+00:00,46.27,43.709,10.0,-0.05534903825372817,-0.056949038253728164,0.0642532958720552,-0.088394207910093,rottura EMA200 (trend),0.4166666666666667
3167,3169,2021-05-13 06:00:00+00:00,2021-05-13 08:00:00+00:00,44.921,42.835,2.0,-0.04643707842657108,-0.048037078426571074,0.0023374368335522533,-0.04852964092517975,rottura EMA200 (trend),0.08333333333333333
3240,3251,2021-05-16 07:00:00+00:00,2021-05-16 18:00:00+00:00,46.468,43.56,11.0,-0.06258070069725408,-0.06418070069725408,0.13196178014978055,-0.06258070069725408,rottura EMA200 (trend),0.4583333333333333
3254,3309,2021-05-16 21:00:00+00:00,2021-05-19 04:00:00+00:00,45.95,47.544,55.0,0.0346898803046789,0.0330898803046789,0.2705114254624592,-0.06398258977149085,Chandelier 3xATR (trailing),2.2916666666666665
3657,3695,2021-06-02 16:00:00+00:00,2021-06-04 06:00:00+00:00,34.604,36.478,38.0,0.05415558894925443,0.05255558894925443,0.19994798289215132,-0.036209686741417224,Chandelier 3xATR (trailing),1.5833333333333333
3696,3782,2021-06-04 07:00:00+00:00,2021-06-07 21:00:00+00:00,36.716,39.902,86.0,0.08677415840505498,0.08517415840505498,0.2038348403965573,-0.0688800522932782,Chandelier 3xATR (trailing),3.5833333333333335
3803,3849,2021-06-08 18:00:00+00:00,2021-06-10 16:00:00+00:00,39.95,40.323,46.0,0.009336670838548056,0.007736670838548056,0.10137672090112626,-0.016971214017521996,Chandelier 3xATR (trailing),1.9166666666666667
3956,3980,2021-06-15 03:00:00+00:00,2021-06-16 03:00:00+00:00,40.545,39.041,24.0,-0.037094586262177986,-0.038694586262177984,0.029498088543593592,-0.04572697003329629,Chandelier 3xATR (trailing),1.0
3981,3988,2021-06-16 04:00:00+00:00,2021-06-16 11:00:00+00:00,39.445,38.082,7.0,-0.03455444289517051,-0.03615444289517051,0.011915325136265587,-0.04423881353783743,rottura EMA200 (trend),0.2916666666666667
3992,4018,2021-06-16 15:00:00+00:00,2021-06-17 17:00:00+00:00,39.539,38.4,26.0,-0.02880700068287012,-0.03040700068287012,0.05591947191380653,-0.03358709122638415,rottura EMA200 (trend),1.0833333333333333
4285,4316,2021-06-28 20:00:00+00:00,2021-06-30 03:00:00+00:00,33.682,32.24,31.0,-0.04281218454961111,-0.04441218454961111,0.06398076123745633,-0.04687963897630787,Chandelier 3xATR (trailing),1.2916666666666667
4320,4328,2021-06-30 07:00:00+00:00,2021-06-30 15:00:00+00:00,33.515,31.923,8.0,-0.047501118901984274,-0.04910111890198427,0.008473817693569918,-0.058481277040131285,rottura EMA200 (trend),0.3333333333333333
4331,4344,2021-06-30 18:00:00+00:00,2021-07-01 07:00:00+00:00,33.427,32.391,13.0,-0.030992909923116096,-0.032592909923116094,0.07697370389206326,-0.03218954737188506,Chandelier 3xATR (trailing),0.5416666666666666
4392,4435,2021-07-03 07:00:00+00:00,2021-07-05 02:00:00+00:00,34.783,33.843,43.0,-0.027024695972170276,-0.028624695972170277,0.021504758071471564,-0.03593709570767334,Chandelier 3xATR (trailing),1.7916666666666667
4443,4444,2021-07-05 10:00:00+00:00,2021-07-05 11:00:00+00:00,34.381,33.166,1.0,-0.03533928623367566,-0.03693928623367566,0.0009307466333148273,-0.041883598499171004,rottura EMA200 (trend),0.041666666666666664
4461,4474,2021-07-06 04:00:00+00:00,2021-07-06 17:00:00+00:00,34.058,33.471,13.0,-0.017235304480592073,-0.018835304480592074,0.028862528627635164,-0.025104233953843313,rottura EMA200 (trend),0.5416666666666666
4487,4510,2021-07-07 06:00:00+00:00,2021-07-08 05:00:00+00:00,34.696,34.626,23.0,-0.0020175236338483282,-0.003617523633848328,0.09810929213742225,-0.0034297901775420803,Chandelier 3xATR (trailing),0.9583333333333334
4878,4880,2021-07-23 13:00:00+00:00,2021-07-23 15:00:00+00:00,27.765,26.877,2.0,-0.031982712047541884,-0.03358271204754188,0.0037817396002162162,-0.03835764451647761,rottura EMA200 (trend),0.08333333333333333
4887,4925,2021-07-23 22:00:00+00:00,2021-07-25 12:00:00+00:00,27.807,27.793,38.0,-0.0005034703491926251,-0.002103470349192625,0.06261013413888583,-0.005286438666522786,Chandelier 3xATR (trailing),1.5833333333333333
4938,4958,2021-07-26 01:00:00+00:00,2021-07-26 21:00:00+00:00,30.8,28.362,20.0,-0.0791558441558442,-0.0807558441558442,0.006493506493506551,-0.09642857142857153,Chandelier 3xATR (trailing),0.8333333333333334
4972,4976,2021-07-27 11:00:00+00:00,2021-07-27 15:00:00+00:00,28.657,27.7,4.0,-0.03339498202882374,-0.034994982028823736,0.010224377987926081,-0.04299124123250864,rottura EMA200 (trend),0.16666666666666666
5025,5046,2021-07-29 16:00:00+00:00,2021-07-30 13:00:00+00:00,29.865,30.308,21.0,0.01483341704336194,0.01323341704336194,0.1077850326469112,-0.0035493052067636643,Chandelier 3xATR (trailing),0.875
5047,5104,2021-07-30 14:00:00+00:00,2021-08-01 23:00:00+00:00,30.861,34.165,57.0,0.10706069148763797,0.10546069148763797,0.19905382197595656,-0.013901040147759391,Chandelier 3xATR (trailing),2.375
5107,5124,2021-08-02 02:00:00+00:00,2021-08-02 19:00:00+00:00,34.773,33.674,17.0,-0.03160498087596708,-0.03320498087596708,0.03384810053777354,-0.036608863198458685,Chandelier 3xATR (trailing),0.7083333333333334
5140,5161,2021-08-03 11:00:00+00:00,2021-08-04 08:00:00+00:00,34.37,33.444,21.0,-0.026942100669188118,-0.02854210066918812,0.04451556590049455,-0.03299389002036657,Chandelier 3xATR (trailing),0.875
5169,5263,2021-08-04 16:00:00+00:00,2021-08-08 14:00:00+00:00,36.211,37.337,94.0,0.03109552345972233,0.02949552345972233,0.11844467150865756,-0.02209273425202274,Chandelier 3xATR (trailing),3.9166666666666665
5288,5350,2021-08-09 15:00:00+00:00,2021-08-12 05:00:00+00:00,39.857,40.71,62.0,0.02140151039967897,0.01980151039967897,0.0971473016032316,-0.047068269061896206,Chandelier 3xATR (trailing),2.5833333333333335
5355,5485,2021-08-12 10:00:00+00:00,2021-08-18 00:00:00+00:00,41.578,62.704,134.0,0.5081052479676751,0.506505247967675,0.8075665015152242,-0.05440377122516715,Chandelier 3xATR (trailing),5.583333333333333
5486,5520,2021-08-18 01:00:00+00:00,2021-08-19 11:00:00+00:00,66.989,69.612,34.0,0.03915568227619448,0.037555682276194484,0.20168982967352833,-0.0457388526474497,Chandelier 3xATR (trailing),1.4166666666666667
5552,5574,2021-08-20 19:00:00+00:00,2021-08-21 17:00:00+00:00,78.224,74.6,22.0,-0.046328492534260746,-0.04792849253426074,0.04827163019022285,-0.06933933319697283,Chandelier 3xATR (trailing),0.9166666666666666
5587,5601,2021-08-22 06:00:00+00:00,2021-08-22 20:00:00+00:00,75.318,71.811,14.0,-0.04656257468334246,-0.04816257468334246,0.030298202288961518,-0.05409065562017046,Chandelier 3xATR (trailing),0.5833333333333334
5608,5644,2021-08-23 03:00:00+00:00,2021-08-24 15:00:00+00:00,75.391,71.999,36.0,-0.04499210781127738,-0.04659210781127738,0.05383931769044037,-0.05101404676950838,Chandelier 3xATR (trailing),1.5
5676,5682,2021-08-25 23:00:00+00:00,2021-08-26 05:00:00+00:00,71.973,68.339,6.0,-0.05049115640587443,-0.052091156405874424,0.028760785294485558,-0.05582649048948918,rottura EMA200 (trend),0.25
5690,5814,2021-08-26 13:00:00+00:00,2021-08-31 17:00:00+00:00,73.08,110.31,124.0,0.5094417077175699,0.5078417077175699,0.7803776683087029,-0.007252326217843441,Chandelier 3xATR (trailing),5.166666666666667
5815,5912,2021-08-31 18:00:00+00:00,2021-09-04 19:00:00+00:00,110.54,138.89,97.0,0.25646824678849267,0.2548682467884927,0.36240275013569745,-0.06766781255654064,Chandelier 3xATR (trailing),4.041666666666667
5913,5935,2021-09-04 20:00:00+00:00,2021-09-05 18:00:00+00:00,140.42,136.61,22.0,-0.02713288705312611,-0.02873288705312611,0.03254522147842209,-0.040450078336419115,Chandelier 3xATR (trailing),0.9166666666666666
5938,5979,2021-09-05 21:00:00+00:00,2021-09-07 14:00:00+00:00,140.45,152.23,41.0,0.08387326450694199,0.08227326450694199,0.39181203275186904,-0.025133499466002185,Chandelier 3xATR (trailing),1.7083333333333333
5980,6032,2021-09-07 15:00:00+00:00,2021-09-09 19:00:00+00:00,168.81,185.01,52.0,0.09596587879864926,0.09436587879864926,0.2795450506486583,-0.1321604170369054,Chandelier 3xATR (trailing),2.1666666666666665
6034,6051,2021-09-09 21:00:00+00:00,2021-09-10 14:00:00+00:00,196.11,170.63,17.0,-0.12992708173984002,-0.13152708173984,0.014073734128805304,-0.14425577482025398,Chandelier 3xATR (trailing),0.7083333333333334
6062,6101,2021-09-11 01:00:00+00:00,2021-09-12 16:00:00+00:00,188.76,177.39,39.0,-0.06023521932612841,-0.061835219326128406,0.02516422970968435,-0.08407501589319777,Chandelier 3xATR (trailing),1.625
6129,6134,2021-09-13 20:00:00+00:00,2021-09-14 01:00:00+00:00,168.99,166.7,5.0,-0.01355109769808871,-0.01515109769808871,0.035564234570092834,-0.022368187466713985,rottura EMA200 (trend),0.20833333333333334
6550,6622,2021-10-01 11:00:00+00:00,2021-10-04 11:00:00+00:00,153.26,165.86,72.0,0.08221323241550316,0.08061323241550315,0.16005480882161027,-0.026164687459219516,Chandelier 3xATR (trailing),3.0
6624,6650,2021-10-04 13:00:00+00:00,2021-10-05 15:00:00+00:00,171.55,162.35,26.0,-0.05362867968522311,-0.05522867968522311,0.00728650539201392,-0.05566890119498691,Chandelier 3xATR (trailing),1.0833333333333333
6722,6732,2021-10-08 15:00:00+00:00,2021-10-09 01:00:00+00:00,166.48,157.09,10.0,-0.056403171552138365,-0.05800317155213836,0.009490629505045645,-0.06259010091302253,rottura EMA200 (trend),0.4166666666666667
6887,6942,2021-10-15 12:00:00+00:00,2021-10-17 19:00:00+00:00,158.4,158.83,55.0,0.002714646464646586,0.0011146464646465861,0.05839646464646475,-0.012878787878787823,Chandelier 3xATR (trailing),2.2916666666666665
6946,6963,2021-10-17 23:00:00+00:00,2021-10-18 16:00:00+00:00,160.12,156.34,17.0,-0.02360729452910315,-0.025207294529103152,0.01786160379715196,-0.02835373469897573,rottura EMA200 (trend),0.7083333333333334
6974,6985,2021-10-19 03:00:00+00:00,2021-10-19 14:00:00+00:00,158.5,156.1,11.0,-0.015141955835962229,-0.01674195583596223,0.005993690851734845,-0.02340694006309152,rottura EMA200 (trend),0.4583333333333333
7006,7084,2021-10-20 11:00:00+00:00,2021-10-23 17:00:00+00:00,160.08,195.48,78.0,0.2211394302848575,0.2195394302848575,0.34370314842578686,-0.003998000999500317,Chandelier 3xATR (trailing),3.25
7087,7105,2021-10-23 20:00:00+00:00,2021-10-24 14:00:00+00:00,196.12,188.29,18.0,-0.03992453599836843,-0.041524535998368424,0.020446665306954825,-0.04538037935957584,Chandelier 3xATR (trailing),0.75
7112,7143,2021-10-24 21:00:00+00:00,2021-10-26 04:00:00+00:00,199.81,206.58,31.0,0.033882188078674824,0.03228218807867483,0.09569090636104294,-0.009058605675391629,Chandelier 3xATR (trailing),1.2916666666666667
7195,7248,2021-10-28 08:00:00+00:00,2021-10-30 13:00:00+00:00,197.62,194.44,53.0,-0.016091488715717084,-0.017691488715717085,0.03845764598724832,-0.03284080558647917,Chandelier 3xATR (trailing),2.2083333333333335
7275,7393,2021-10-31 16:00:00+00:00,2021-11-05 14:00:00+00:00,197.06,232.23,118.0,0.17847356135187242,0.17687356135187243,0.27118644067796605,-0.014107378463412146,Chandelier 3xATR (trailing),4.916666666666667
7397,7446,2021-11-05 18:00:00+00:00,2021-11-07 19:00:00+00:00,237.15,247.0,49.0,0.04153489352730344,0.03993489352730344,0.09593084545646202,-0.02386675100147584,Chandelier 3xATR (trailing),2.0416666666666665
7528,7541,2021-11-11 05:00:00+00:00,2021-11-11 18:00:00+00:00,242.95,236.58,13.0,-0.02621938670508328,-0.02781938670508328,0.014612060094669754,-0.03140563902037452,rottura EMA200 (trend),0.5416666666666666
7622,7639,2021-11-15 03:00:00+00:00,2021-11-15 20:00:00+00:00,243.72,236.18,17.0,-0.03093714098145406,-0.032537140981454056,0.010832102412604794,-0.031593632036763464,rottura EMA200 (trend),0.7083333333333334
7999,8066,2021-11-30 20:00:00+00:00,2021-12-03 15:00:00+00:00,212.19,224.27,67.0,0.05693010980724833,0.05533010980724833,0.14576558744521417,-0.020264856967811884,Chandelier 3xATR (trailing),2.7916666666666665
8383,8399,2021-12-16 20:00:00+00:00,2021-12-17 12:00:00+00:00,183.42,174.54,16.0,-0.04841347726529277,-0.05001347726529277,0.0020717479009924045,-0.05353832733616837,rottura EMA200 (trend),0.6666666666666666
8402,8407,2021-12-17 15:00:00+00:00,2021-12-17 20:00:00+00:00,176.59,174.6,5.0,-0.01126904128206585,-0.012869041282065851,0.028314174075542153,-0.0138739452970158,rottura EMA200 (trend),0.20833333333333334
8408,8411,2021-12-17 21:00:00+00:00,2021-12-18 00:00:00+00:00,177.36,174.98,3.0,-0.013419034731619428,-0.015019034731619429,0.0036084799278304214,-0.02661253946774933,rottura EMA200 (trend),0.125
8426,8462,2021-12-18 15:00:00+00:00,2021-12-20 03:00:00+00:00,181.41,178.38,36.0,-0.016702497106003023,-0.018302497106003023,0.044209249765724046,-0.0237583374676148,Chandelier 3xATR (trailing),1.5
8492,8500,2021-12-21 09:00:00+00:00,2021-12-21 17:00:00+00:00,180.41,177.03,8.0,-0.018735103375644324,-0.020335103375644325,0.011806440884651659,-0.021007704672689975,rottura EMA200 (trend),0.3333333333333333
8513,8530,2021-12-22 06:00:00+00:00,2021-12-22 23:00:00+00:00,184.61,178.4,17.0,-0.033638481122366115,-0.03523848112236611,0.01592546449271426,-0.040951194409836966,Chandelier 3xATR (trailing),0.7083333333333334
8551,8650,2021-12-23 20:00:00+00:00,2021-12-27 23:00:00+00:00,191.2,195.67,99.0,0.023378661087866126,0.021778661087866125,0.07086820083682022,-0.03692468619246858,Chandelier 3xATR (trailing),4.125
9502,9529,2022-02-01 11:00:00+00:00,2022-02-02 14:00:00+00:00,106.35,105.92,27.0,-0.004043253408556602,-0.005643253408556602,0.06873530794546312,-0.011565585331452688,Chandelier 3xATR (trailing),1.125
9530,9536,2022-02-02 15:00:00+00:00,2022-02-02 21:00:00+00:00,105.92,100.37,6.0,-0.05239803625377637,-0.05399803625377637,0.05711858006042303,-0.06589879154078548,rottura EMA200 (trend),0.25
9562,9667,2022-02-03 23:00:00+00:00,2022-02-08 08:00:00+00:00,101.77,114.22,105.0,0.12233467623071625,0.12073467623071625,0.19809374078805164,-0.014640856834037486,Chandelier 3xATR (trailing),4.375
9683,9720,2022-02-09 00:00:00+00:00,2022-02-10 13:00:00+00:00,114.94,107.86,37.0,-0.06159735514181308,-0.06319735514181309,0.018618409605011266,-0.06907951974943449,rottura EMA200 (trend),1.5416666666666667
10158,10213,2022-02-28 19:00:00+00:00,2022-03-03 02:00:00+00:00,96.22,99.27,55.0,0.03169819164414878,0.030098191644148776,0.10611099563500326,-0.02088962793598015,Chandelier 3xATR (trailing),2.2916666666666665
10546,10571,2022-03-16 23:00:00+00:00,2022-03-18 00:00:00+00:00,87.77,86.52,25.0,-0.014241768257946874,-0.015841768257946875,0.03680072917853483,-0.0186851999544263,Chandelier 3xATR (trailing),1.0416666666666667
10576,10623,2022-03-18 05:00:00+00:00,2022-03-20 04:00:00+00:00,86.57,90.55,47.0,0.04597435601247546,0.04437435601247546,0.09217973893958642,-0.024950906780639936,Chandelier 3xATR (trailing),1.9583333333333333
10624,10645,2022-03-20 05:00:00+00:00,2022-03-21 02:00:00+00:00,91.23,87.51,21.0,-0.04077606050641236,-0.04237606050641236,0.004494135700975566,-0.049216266578976264,Chandelier 3xATR (trailing),0.875
10650,10755,2022-03-21 07:00:00+00:00,2022-03-25 16:00:00+00:00,89.66,98.24,105.0,0.09569484720053545,0.09409484720053544,0.16952933303591355,-0.024648672763774138,Chandelier 3xATR (trailing),4.375
10767,10799,2022-03-26 04:00:00+00:00,2022-03-27 12:00:00+00:00,99.84,99.23,32.0,-0.006109775641025661,-0.007709775641025661,0.03565705128205132,-0.006810897435897467,Chandelier 3xATR (trailing),1.3333333333333333
10809,10834,2022-03-27 22:00:00+00:00,2022-03-28 23:00:00+00:00,105.45,105.75,25.0,0.002844950213371167,0.0012449502133711667,0.07984826932195355,-0.002465623518255189,Chandelier 3xATR (trailing),1.0416666666666667
10835,10909,2022-03-29 00:00:00+00:00,2022-04-01 02:00:00+00:00,108.47,118.75,74.0,0.09477274822531578,0.09317274822531578,0.19387849174887073,-0.012538028948096192,Chandelier 3xATR (trailing),3.0833333333333335
10910,10954,2022-04-01 03:00:00+00:00,2022-04-02 23:00:00+00:00,121.95,132.49,44.0,0.08642886428864283,0.08482886428864282,0.1767937679376792,-0.017466174661746714,Chandelier 3xATR (trailing),1.8333333333333333
10955,10991,2022-04-03 00:00:00+00:00,2022-04-04 12:00:00+00:00,134.09,132.91,36.0,-0.0088000596614215,-0.0104000596614215,0.05235289730777848,-0.026623909314639316,Chandelier 3xATR (trailing),1.5
11006,11026,2022-04-05 03:00:00+00:00,2022-04-05 23:00:00+00:00,133.36,126.87,20.0,-0.048665266946610775,-0.05026526694661077,0.024520095980803625,-0.054664067186562804,Chandelier 3xATR (trailing),0.8333333333333334
11370,11381,2022-04-20 07:00:00+00:00,2022-04-20 18:00:00+00:00,107.01,104.82,11.0,-0.020465377067563906,-0.022065377067563906,0.03635174282777309,-0.025791982057751683,rottura EMA200 (trend),0.4583333333333333
11382,11406,2022-04-20 19:00:00+00:00,2022-04-21 19:00:00+00:00,106.04,104.29,24.0,-0.016503206337231235,-0.018103206337231236,0.03734439834024883,-0.01754055073557148,rottura EMA200 (trend),1.0
12838,12876,2022-06-20 11:00:00+00:00,2022-06-22 01:00:00+00:00,36.34,35.37,38.0,-0.02669235002751802,-0.02829235002751802,0.0784259768849751,-0.07044578976334626,Chandelier 3xATR (trailing),1.5833333333333333
12884,12994,2022-06-22 09:00:00+00:00,2022-06-26 23:00:00+00:00,35.47,39.39,110.0,0.11051592895404583,0.10891592895404582,0.21003665069072475,-0.04539047082041159,Chandelier 3xATR (trailing),4.583333333333333
13210,13267,2022-07-05 23:00:00+00:00,2022-07-08 08:00:00+00:00,35.4,36.92,57.0,0.04293785310734477,0.04133785310734477,0.12203389830508482,-0.016949152542372947,Chandelier 3xATR (trailing),2.375
13273,13309,2022-07-08 14:00:00+00:00,2022-07-10 02:00:00+00:00,37.79,37.4,36.0,-0.010320190526594386,-0.011920190526594387,0.04128076210637732,-0.01931727970362518,Chandelier 3xATR (trailing),1.5
13434,13456,2022-07-15 07:00:00+00:00,2022-07-16 05:00:00+00:00,37.46,36.82,22.0,-0.017084890549919907,-0.018684890549919907,0.04378003203416969,-0.019220501868659867,Chandelier 3xATR (trailing),0.9166666666666666
13460,13491,2022-07-16 09:00:00+00:00,2022-07-17 16:00:00+00:00,36.68,38.99,31.0,0.06297709923664119,0.06137709923664119,0.1202290076335879,-0.001908396946564861,Chandelier 3xATR (trailing),1.2916666666666667
13493,13555,2022-07-17 18:00:00+00:00,2022-07-20 08:00:00+00:00,38.62,43.93,62.0,0.13749352667011916,0.13589352667011917,0.22630761263594001,-0.0033661315380630885,Chandelier 3xATR (trailing),2.5833333333333335
13556,13567,2022-07-20 09:00:00+00:00,2022-07-20 20:00:00+00:00,44.67,42.19,11.0,-0.05551824490709656,-0.057118244907096556,0.03648981419297059,-0.07678531452876647,Chandelier 3xATR (trailing),0.4583333333333333
13587,13611,2022-07-21 16:00:00+00:00,2022-07-22 16:00:00+00:00,43.23,41.61,24.0,-0.037473976405274056,-0.039073976405274054,0.025445292620865256,-0.045570205875549386,Chandelier 3xATR (trailing),1.0
13759,13812,2022-07-28 20:00:00+00:00,2022-07-31 01:00:00+00:00,43.81,43.3,53.0,-0.011641177813284775,-0.013241177813284776,0.06482538233280066,-0.061173248116868306,Chandelier 3xATR (trailing),2.2083333333333335
13813,13845,2022-07-31 02:00:00+00:00,2022-08-01 10:00:00+00:00,43.43,41.86,32.0,-0.036150126640571045,-0.03775012664057104,0.04098549389822703,-0.03753166014275855,Chandelier 3xATR (trailing),1.3333333333333333
13875,13877,2022-08-02 16:00:00+00:00,2022-08-02 18:00:00+00:00,42.19,41.14,2.0,-0.024887414079165615,-0.026487414079165616,0.0033183218772221412,-0.025598483052856058,rottura EMA200 (trend),0.08333333333333333
14006,14028,2022-08-08 03:00:00+00:00,2022-08-09 01:00:00+00:00,41.93,41.69,22.0,-0.005723825423324613,-0.007323825423324613,0.04245170522299069,-0.009778201764846117,Chandelier 3xATR (trailing),0.9166666666666666
14029,14037,2022-08-09 02:00:00+00:00,2022-08-09 10:00:00+00:00,41.94,40.99,8.0,-0.022651406771578397,-0.024251406771578398,0.01955174058178355,-0.024320457796852546,Chandelier 3xATR (trailing),0.3333333333333333
14065,14097,2022-08-10 14:00:00+00:00,2022-08-11 22:00:00+00:00,42.23,42.64,32.0,0.009708737864077666,0.008108737864077665,0.07317073170731714,-0.02391664693345963,Chandelier 3xATR (trailing),1.3333333333333333
14098,14160,2022-08-11 23:00:00+00:00,2022-08-14 13:00:00+00:00,42.77,46.04,62.0,0.07645545943418264,0.07485545943418263,0.13116670563479071,-0.015197568389057836,Chandelier 3xATR (trailing),2.5833333333333335
14173,14177,2022-08-15 02:00:00+00:00,2022-08-15 06:00:00+00:00,46.83,43.9,4.0,-0.06256673072816565,-0.06416673072816566,0.008755071535340608,-0.06512919068972878,Chandelier 3xATR (trailing),0.16666666666666666
14222,14226,2022-08-17 03:00:00+00:00,2022-08-17 07:00:00+00:00,44.0,43.14,4.0,-0.019545454545454533,-0.021145454545454533,0.017045454545454586,-0.022727272727272707,rottura EMA200 (trend),0.16666666666666666
14708,14716,2022-09-06 09:00:00+00:00,2022-09-06 17:00:00+00:00,32.99,31.51,8.0,-0.04486207941800546,-0.04646207941800546,0.027584116398908565,-0.05062140042437102,rottura EMA200 (trend),0.3333333333333333
14755,14809,2022-09-08 08:00:00+00:00,2022-09-10 14:00:00+00:00,32.89,34.35,54.0,0.044390392216479224,0.04279039221647923,0.09334144116752818,-0.022195196108239723,Chandelier 3xATR (trailing),2.25
14810,14879,2022-09-10 15:00:00+00:00,2022-09-13 12:00:00+00:00,34.5,35.89,69.0,0.04028985507246374,0.038689855072463746,0.13072463768115927,-0.013333333333333308,Chandelier 3xATR (trailing),2.875
15136,15168,2022-09-24 05:00:00+00:00,2022-09-25 13:00:00+00:00,33.9,33.25,32.0,-0.019174041297935096,-0.020774041297935097,0.026253687315634266,-0.023893805309734395,Chandelier 3xATR (trailing),1.3333333333333333
15187,15188,2022-09-26 08:00:00+00:00,2022-09-26 09:00:00+00:00,33.27,32.78,1.0,-0.014727983168019265,-0.016327983168019266,0.0015028554253080362,-0.01773369401863556,rottura EMA200 (trend),0.041666666666666664
15192,15219,2022-09-26 13:00:00+00:00,2022-09-27 16:00:00+00:00,33.19,32.94,27.0,-0.007532389273877671,-0.009132389273877672,0.06688761675203381,-0.019282916541126904,rottura EMA200 (trend),1.125
15242,15244,2022-09-28 15:00:00+00:00,2022-09-28 17:00:00+00:00,33.12,32.99,2.0,-0.003925120772946711,-0.005525120772946711,0.005736714975845603,-0.009963768115942018,rottura EMA200 (trend),0.08333333333333333
15245,15295,2022-09-28 18:00:00+00:00,2022-09-30 20:00:00+00:00,33.51,33.31,50.0,-0.005968367651447148,-0.007568367651447148,0.051029543419874646,-0.02566398090122346,rottura EMA200 (trend),2.0833333333333335
15385,15409,2022-10-04 14:00:00+00:00,2022-10-05 14:00:00+00:00,34.28,33.38,24.0,-0.026254375729288126,-0.027854375729288127,0.003500583430571691,-0.03208868144690791,Chandelier 3xATR (trailing),1.0
15410,15440,2022-10-05 15:00:00+00:00,2022-10-06 21:00:00+00:00,33.68,33.44,30.0,-0.0071258907363420665,-0.008725890736342067,0.02434679334916856,-0.0077197149643705165,rottura EMA200 (trend),1.25
15896,15946,2022-10-25 21:00:00+00:00,2022-10-27 23:00:00+00:00,31.2,30.58,50.0,-0.019871794871794912,-0.021471794871794913,0.03717948717948727,-0.02532051282051284,Chandelier 3xATR (trailing),2.0833333333333335
15960,16008,2022-10-28 13:00:00+00:00,2022-10-30 13:00:00+00:00,31.04,32.31,48.0,0.040914948453608435,0.03931494845360844,0.09020618556701043,-0.010309278350515427,Chandelier 3xATR (trailing),2.0
16095,16097,2022-11-03 04:00:00+00:00,2022-11-03 06:00:00+00:00,31.87,31.72,2.0,-0.0047066206463759475,-0.006306620646375947,0.011923438970818934,-0.00878569187323508,rottura EMA200 (trend),0.08333333333333333
16100,16101,2022-11-03 09:00:00+00:00,2022-11-03 10:00:00+00:00,31.94,31.66,1.0,-0.008766437069505306,-0.010366437069505307,0.003130870381966133,-0.010331872260488484,rottura EMA200 (trend),0.041666666666666664
16125,16168,2022-11-04 10:00:00+00:00,2022-11-06 05:00:00+00:00,32.67,35.61,43.0,0.08999081726354441,0.0883908172635444,0.18732782369145995,-0.024487297214569992,Chandelier 3xATR (trailing),1.7916666666666667
16169,16182,2022-11-06 06:00:00+00:00,2022-11-06 19:00:00+00:00,35.88,34.19,13.0,-0.04710144927536242,-0.048701449275362414,0.014771460423634197,-0.06047937569676709,Chandelier 3xATR (trailing),0.5416666666666666
16614,16661,2022-11-24 19:00:00+00:00,2022-11-26 18:00:00+00:00,14.44,14.16,47.0,-0.01939058171745145,-0.02099058171745145,0.037396121883656486,-0.03670360110803317,Chandelier 3xATR (trailing),1.9583333333333333
16868,16878,2022-12-05 09:00:00+00:00,2022-12-05 19:00:00+00:00,14.01,13.68,10.0,-0.023554603854389677,-0.025154603854389678,0.0049964311206280865,-0.03069236259814412,rottura EMA200 (trend),0.4166666666666667
16880,16913,2022-12-05 21:00:00+00:00,2022-12-07 06:00:00+00:00,13.97,13.87,33.0,-0.007158196134574135,-0.008758196134574136,0.029348604151753666,-0.01717967072297777,Chandelier 3xATR (trailing),1.375
17082,17100,2022-12-14 07:00:00+00:00,2022-12-15 01:00:00+00:00,13.9,13.98,18.0,0.0057553956834532904,0.004155395683453291,0.07625899280575532,-0.0028776978417266452,Chandelier 3xATR (trailing),0.75
17101,17131,2022-12-15 02:00:00+00:00,2022-12-16 08:00:00+00:00,14.16,13.71,30.0,-0.03177966101694907,-0.033379661016949065,0.025423728813559254,-0.034604519774011355,rottura EMA200 (trend),1.25
17552,17599,2023-01-02 21:00:00+00:00,2023-01-04 20:00:00+00:00,11.37,12.99,47.0,0.1424802110817942,0.14088021108179422,0.25241864555848736,-0.03254177660510105,Chandelier 3xATR (trailing),1.9583333333333333
17600,17637,2023-01-04 21:00:00+00:00,2023-01-06 10:00:00+00:00,13.14,13.02,37.0,-0.009132420091324311,-0.010732420091324312,0.057077625570776336,-0.014459665144596734,Chandelier 3xATR (trailing),1.5416666666666667
17688,17730,2023-01-08 13:00:00+00:00,2023-01-10 07:00:00+00:00,13.57,15.89,42.0,0.1709653647752396,0.1693653647752396,0.2896094325718497,-0.007369196757553431,Chandelier 3xATR (trailing),1.75
17731,17759,2023-01-10 08:00:00+00:00,2023-01-11 12:00:00+00:00,16.2,15.81,28.0,-0.024074074074074026,-0.025674074074074026,0.032716049382716106,-0.030864197530864224,Chandelier 3xATR (trailing),1.1666666666666667
17766,17781,2023-01-11 19:00:00+00:00,2023-01-12 10:00:00+00:00,16.0,16.05,15.0,0.0031250000000000444,0.0015250000000000443,0.0625,-0.016249999999999987,Chandelier 3xATR (trailing),0.625
17787,17907,2023-01-12 16:00:00+00:00,2023-01-17 16:00:00+00:00,16.07,23.27,120.0,0.44803982576228996,0.44643982576228997,0.5556938394523958,-0.0018668326073429942,Chandelier 3xATR (trailing),5.0
17981,18031,2023-01-20 18:00:00+00:00,2023-01-22 20:00:00+00:00,22.9,23.87,50.0,0.042358078602620086,0.04075807860262009,0.16157205240174677,-0.005676855895196509,Chandelier 3xATR (trailing),2.0833333333333335
18037,18081,2023-01-23 02:00:00+00:00,2023-01-24 22:00:00+00:00,24.78,22.99,44.0,-0.07223567393058927,-0.07383567393058928,0.018563357546408366,-0.10209846650524623,rottura EMA200 (trend),1.8333333333333333
18095,18097,2023-01-25 12:00:00+00:00,2023-01-25 14:00:00+00:00,24.29,23.1,2.0,-0.04899135446685865,-0.05059135446685865,0.01070399341292716,-0.05022643062988885,rottura EMA200 (trend),0.08333333333333333
18103,18141,2023-01-25 20:00:00+00:00,2023-01-27 10:00:00+00:00,24.19,23.69,38.0,-0.02066969822240594,-0.022269698222405942,0.05126085159156668,-0.03803224472922706,Chandelier 3xATR (trailing),1.5833333333333333
18147,18211,2023-01-27 16:00:00+00:00,2023-01-30 08:00:00+00:00,24.14,25.16,64.0,0.04225352112676051,0.04065352112676051,0.11019055509527753,-0.01822700911350461,Chandelier 3xATR (trailing),2.6666666666666665
18276,18296,2023-02-02 01:00:00+00:00,2023-02-02 21:00:00+00:00,25.36,24.25,20.0,-0.043769716088328026,-0.04536971608832802,0.03115141955835954,-0.04731861198738163,Chandelier 3xATR (trailing),0.8333333333333334
18311,18346,2023-02-03 12:00:00+00:00,2023-02-04 23:00:00+00:00,24.58,24.34,35.0,-0.009764035801464566,-0.011364035801464566,0.01993490642799034,-0.021562245728234286,rottura EMA200 (trend),1.4583333333333333
18608,18633,2023-02-15 21:00:00+00:00,2023-02-16 22:00:00+00:00,23.53,22.41,25.0,-0.047598810029749306,-0.0491988100297493,0.0284742881427964,-0.05184870378240558,Chandelier 3xATR (trailing),1.0416666666666667
18650,18742,2023-02-17 15:00:00+00:00,2023-02-21 11:00:00+00:00,22.79,25.06,92.0,0.09960508995173312,0.09800508995173311,0.1899956121105748,-0.009214567792891648,Chandelier 3xATR (trailing),3.8333333333333335
18748,18760,2023-02-21 17:00:00+00:00,2023-02-22 05:00:00+00:00,25.42,24.03,12.0,-0.05468135326514556,-0.05628135326514556,0.0031471282454760274,-0.0613690007867822,Chandelier 3xATR (trailing),0.5
18781,18790,2023-02-23 02:00:00+00:00,2023-02-23 11:00:00+00:00,24.61,23.76,9.0,-0.034538805363673264,-0.03613880536367326,0.00325071109305175,-0.04104022754977643,rottura EMA200 (trend),0.375
19233,19268,2023-03-13 22:00:00+00:00,2023-03-15 09:00:00+00:00,20.54,20.73,35.0,0.009250243427458615,0.0076502434274586155,0.0769230769230771,-0.038461538461538436,Chandelier 3xATR (trailing),1.4583333333333333
19318,19354,2023-03-17 11:00:00+00:00,2023-03-18 23:00:00+00:00,20.68,21.2,36.0,0.025145067698259194,0.023545067698259193,0.10928433268858817,-0.04206963249516449,Chandelier 3xATR (trailing),1.5
19355,19410,2023-03-19 00:00:00+00:00,2023-03-21 07:00:00+00:00,21.47,21.93,55.0,0.021425244527247367,0.019825244527247366,0.11364694923148577,-0.011644154634373516,Chandelier 3xATR (trailing),2.2916666666666665
19465,19483,2023-03-23 14:00:00+00:00,2023-03-24 08:00:00+00:00,21.99,21.6,18.0,-0.017735334242837464,-0.019335334242837465,0.043656207366985056,-0.022282855843565152,rottura EMA200 (trend),0.75
19675,19682,2023-04-01 09:00:00+00:00,2023-04-01 16:00:00+00:00,21.03,20.84,7.0,-0.00903471231573949,-0.010634712315739491,0.0038040893961006628,-0.013789824060865596,rottura EMA200 (trend),0.2916666666666667
19683,19703,2023-04-01 17:00:00+00:00,2023-04-02 13:00:00+00:00,20.91,20.82,20.0,-0.004304160688665681,-0.005904160688665681,0.01865136298421821,-0.009564801530368205,rottura EMA200 (trend),0.8333333333333334
19765,19778,2023-04-05 03:00:00+00:00,2023-04-05 16:00:00+00:00,21.14,20.68,13.0,-0.021759697256386046,-0.023359697256386047,0.008041627246925254,-0.026490066225165698,rottura EMA200 (trend),0.5416666666666666
19781,19786,2023-04-05 19:00:00+00:00,2023-04-06 00:00:00+00:00,20.92,20.75,5.0,-0.008126195028680727,-0.009726195028680728,0.005736137667303964,-0.012428298279158811,rottura EMA200 (trend),0.20833333333333334
19910,19993,2023-04-11 04:00:00+00:00,2023-04-14 15:00:00+00:00,22.4,23.83,83.0,0.06383928571428577,0.06223928571428577,0.13794642857142847,-0.022321428571428603,Chandelier 3xATR (trailing),3.4583333333333335
19996,20022,2023-04-14 18:00:00+00:00,2023-04-15 20:00:00+00:00,24.44,23.87,26.0,-0.02332242225859249,-0.02492242225859249,0.02209492635024546,-0.02454991816693952,Chandelier 3xATR (trailing),1.0833333333333333
20048,20065,2023-04-16 22:00:00+00:00,2023-04-17 15:00:00+00:00,25.42,24.53,17.0,-0.035011801730920555,-0.03661180173092055,0.02281667977970092,-0.04484657749803311,Chandelier 3xATR (trailing),0.7083333333333334
20068,20104,2023-04-17 18:00:00+00:00,2023-04-19 06:00:00+00:00,24.81,24.29,36.0,-0.020959290608625558,-0.02255929060862556,0.025392986698911768,-0.03264812575574361,Chandelier 3xATR (trailing),1.5
20325,20385,2023-04-28 11:00:00+00:00,2023-04-30 23:00:00+00:00,22.49,22.74,60.0,0.011116051578479391,0.00951605157847939,0.0666963094708759,-0.014673188083592636,Chandelier 3xATR (trailing),2.5
20507,20518,2023-05-06 01:00:00+00:00,2023-05-06 12:00:00+00:00,22.86,22.17,11.0,-0.030183727034120644,-0.03178372703412064,0.0004374453193352057,-0.03149606299212593,rottura EMA200 (trend),0.4583333333333333
21041,21073,2023-05-28 07:00:00+00:00,2023-05-29 15:00:00+00:00,20.49,20.48,32.0,-0.0004880429477792658,-0.0020880429477792657,0.03416300634455838,-0.004392386530014614,Chandelier 3xATR (trailing),1.3333333333333333
21075,21111,2023-05-29 17:00:00+00:00,2023-05-31 05:00:00+00:00,20.52,20.56,36.0,0.0019493177387914784,0.00034931773879147833,0.04288499025341119,-0.004385964912280715,Chandelier 3xATR (trailing),1.5
21128,21228,2023-05-31 22:00:00+00:00,2023-06-05 02:00:00+00:00,20.77,21.59,100.0,0.03948001925854605,0.037880019258546054,0.07366393837265295,-0.022628791526239755,Chandelier 3xATR (trailing),4.166666666666667
21230,21241,2023-06-05 04:00:00+00:00,2023-06-05 15:00:00+00:00,21.62,19.93,11.0,-0.07816836262719706,-0.07976836262719707,0.003237742830712209,-0.08233117483811292,rottura EMA200 (trend),0.4583333333333333
21603,21645,2023-06-20 17:00:00+00:00,2023-06-22 11:00:00+00:00,16.32,16.86,42.0,0.03308823529411753,0.03148823529411753,0.08762254901960786,-0.005514705882352922,Chandelier 3xATR (trailing),1.75
21646,21670,2023-06-22 12:00:00+00:00,2023-06-23 12:00:00+00:00,17.02,16.4,24.0,-0.03642773207990602,-0.038027732079906014,0.008225616921269108,-0.041715628672150507,Chandelier 3xATR (trailing),1.0
21673,21697,2023-06-23 15:00:00+00:00,2023-06-24 15:00:00+00:00,16.98,16.62,24.0,-0.021201413427561766,-0.022801413427561767,0.03239104829210837,-0.028268551236749095,Chandelier 3xATR (trailing),1.0
21709,21746,2023-06-25 03:00:00+00:00,2023-06-26 16:00:00+00:00,16.98,16.35,37.0,-0.037102473498233146,-0.03870247349823314,0.02355712603062421,-0.052414605418139026,rottura EMA200 (trend),1.5416666666666667
21761,21762,2023-06-27 07:00:00+00:00,2023-06-27 08:00:00+00:00,16.73,16.58,1.0,-0.00896592946802166,-0.010565929468021661,0.0017931858936044431,-0.009563658099222994,rottura EMA200 (trend),0.041666666666666664
21764,21767,2023-06-27 10:00:00+00:00,2023-06-27 13:00:00+00:00,16.69,16.62,3.0,-0.004194128220491367,-0.0057941282204913664,0.0035949670461352667,-0.010784901138406244,rottura EMA200 (trend),0.125
21816,21854,2023-06-29 14:00:00+00:00,2023-07-01 04:00:00+00:00,17.38,18.01,38.0,0.036248561565017434,0.03464856156501744,0.15247410817031093,-0.02128883774453383,Chandelier 3xATR (trailing),1.5833333333333333
21856,21945,2023-07-01 06:00:00+00:00,2023-07-04 23:00:00+00:00,18.34,19.13,89.0,0.04307524536532159,0.04147524536532159,0.08724100327153761,-0.008724100327153761,Chandelier 3xATR (trailing),3.7083333333333335
21970,22002,2023-07-06 00:00:00+00:00,2023-07-07 08:00:00+00:00,19.29,19.41,32.0,0.0062208398133749565,0.004620839813374957,0.08864696734059097,-0.02436495593571797,Chandelier 3xATR (trailing),1.3333333333333333
22003,22056,2023-07-07 09:00:00+00:00,2023-07-09 14:00:00+00:00,19.85,21.48,53.0,0.08211586901763224,0.08051586901763223,0.1335012594458438,-0.008564231738035333,Chandelier 3xATR (trailing),2.2083333333333335
22080,22140,2023-07-10 14:00:00+00:00,2023-07-13 02:00:00+00:00,21.18,21.67,60.0,0.02313503305004727,0.02153503305004727,0.07648725212464602,-0.012747875354107596,Chandelier 3xATR (trailing),2.5
22147,22180,2023-07-13 09:00:00+00:00,2023-07-14 18:00:00+00:00,22.05,25.99,33.0,0.1786848072562357,0.1770848072562357,0.4571428571428573,-0.0018140589569161092,Chandelier 3xATR (trailing),1.375
22181,22213,2023-07-14 19:00:00+00:00,2023-07-16 03:00:00+00:00,26.07,27.03,32.0,0.03682393555811281,0.03522393555811281,0.11699271192942073,-0.03222094361334871,Chandelier 3xATR (trailing),1.3333333333333333
22283,22321,2023-07-19 01:00:00+00:00,2023-07-20 15:00:00+00:00,26.27,25.69,38.0,-0.022078416444613613,-0.023678416444613614,0.04225352112676051,-0.02664636467453363,rottura EMA200 (trend),1.5833333333333333
22348,22351,2023-07-21 18:00:00+00:00,2023-07-21 21:00:00+00:00,25.87,25.65,3.0,-0.008504058755315125,-0.010104058755315126,0.0019327406262079627,-0.016235021260146976,rottura EMA200 (trend),0.125
22354,22355,2023-07-22 00:00:00+00:00,2023-07-22 01:00:00+00:00,25.8,25.65,1.0,-0.005813953488372214,-0.007413953488372214,0.0019379844961240345,-0.006201550387596955,rottura EMA200 (trend),0.041666666666666664
22356,22364,2023-07-22 02:00:00+00:00,2023-07-22 10:00:00+00:00,25.82,25.62,8.0,-0.0077459333849728695,-0.00934593338497287,0.005809450038729569,-0.016266460108443126,rottura EMA200 (trend),0.3333333333333333
22495,22503,2023-07-27 21:00:00+00:00,2023-07-28 05:00:00+00:00,25.01,24.68,8.0,-0.013194722111155577,-0.014794722111155578,0.015593762495001773,-0.017992802878848524,rottura EMA200 (trend),0.3333333333333333
22507,22508,2023-07-28 09:00:00+00:00,2023-07-28 10:00:00+00:00,24.79,24.71,1.0,-0.0032271077047195673,-0.004827107704719567,0.0016135538523598392,-0.004033884630899487,rottura EMA200 (trend),0.041666666666666664
22510,22511,2023-07-28 12:00:00+00:00,2023-07-28 13:00:00+00:00,24.8,24.73,1.0,-0.0028225806451612767,-0.004422580645161277,0.0008064516129031585,-0.004435483870967705,rottura EMA200 (trend),0.041666666666666664
22513,22559,2023-07-28 15:00:00+00:00,2023-07-30 13:00:00+00:00,25.23,24.78,46.0,-0.017835909631391145,-0.019435909631391145,0.007530717399920839,-0.019817677368212494,rottura EMA200 (trend),1.9166666666666667
22783,22813,2023-08-08 21:00:00+00:00,2023-08-10 03:00:00+00:00,24.27,24.23,30.0,-0.0016481252575195615,-0.0032481252575195614,0.02966625463535233,-0.009064688916357588,Chandelier 3xATR (trailing),1.25
22876,22895,2023-08-12 18:00:00+00:00,2023-08-13 13:00:00+00:00,24.81,24.57,19.0,-0.009673518742442488,-0.01127351874244249,0.017331721080209528,-0.01007658202337769,Chandelier 3xATR (trailing),0.7916666666666666
22901,22905,2023-08-13 19:00:00+00:00,2023-08-13 23:00:00+00:00,24.66,24.23,4.0,-0.01743714517437145,-0.01903714517437145,0.0008110300081103361,-0.018248175182481674,rottura EMA200 (trend),0.16666666666666666
22920,22949,2023-08-14 14:00:00+00:00,2023-08-15 19:00:00+00:00,24.64,24.05,29.0,-0.02394480519480524,-0.02554480519480524,0.031655844155844104,-0.03612012987012991,rottura EMA200 (trend),1.2083333333333333
23295,23304,2023-08-30 05:00:00+00:00,2023-08-30 14:00:00+00:00,21.74,20.91,9.0,-0.038178472861085444,-0.03977847286108544,0.0004599816007360147,-0.04323827046918116,rottura EMA200 (trend),0.375
23697,23738,2023-09-15 23:00:00+00:00,2023-09-17 16:00:00+00:00,19.14,18.91,41.0,-0.012016718913270608,-0.013616718913270608,0.016718913270637348,-0.020898641588296907,Chandelier 3xATR (trailing),1.7083333333333333
23748,23827,2023-09-18 02:00:00+00:00,2023-09-21 09:00:00+00:00,19.1,19.64,79.0,0.02827225130890043,0.02667225130890043,0.07539267015706796,-0.005759162303665022,Chandelier 3xATR (trailing),3.2916666666666665
24011,24131,2023-09-29 01:00:00+00:00,2023-10-04 01:00:00+00:00,20.21,23.02,120.0,0.1390400791687283,0.1374400791687283,0.22711528946066295,-0.008906481939633837,Chandelier 3xATR (trailing),5.0
24138,24169,2023-10-04 08:00:00+00:00,2023-10-05 15:00:00+00:00,23.5,22.8,31.0,-0.029787234042553123,-0.03138723404255312,0.015319148936170146,-0.03914893617021287,Chandelier 3xATR (trailing),1.2916666666666667
24206,24221,2023-10-07 04:00:00+00:00,2023-10-07 19:00:00+00:00,23.87,23.13,15.0,-0.031001256807708488,-0.032601256807708485,0.0025136154168412528,-0.0330959363217429,Chandelier 3xATR (trailing),0.625
24428,24481,2023-10-16 10:00:00+00:00,2023-10-18 15:00:00+00:00,23.0,23.68,53.0,0.029565217391304355,0.027965217391304354,0.07608695652173902,-0.004347826086956608,Chandelier 3xATR (trailing),2.2083333333333335
24502,24571,2023-10-19 12:00:00+00:00,2023-10-22 09:00:00+00:00,24.14,28.33,69.0,0.1735708367854183,0.1719708367854183,0.2555923777961888,-0.0012427506213753547,Chandelier 3xATR (trailing),2.875
24572,24599,2023-10-22 10:00:00+00:00,2023-10-23 13:00:00+00:00,28.53,29.14,27.0,0.021381002453557674,0.019781002453557673,0.09919383105502977,-0.015422362425517089,Chandelier 3xATR (trailing),1.125
24600,24630,2023-10-23 14:00:00+00:00,2023-10-24 20:00:00+00:00,29.24,30.17,30.0,0.0318057455540357,0.030205745554035702,0.12209302325581417,-0.014705882352941124,Chandelier 3xATR (trailing),1.25
24634,24673,2023-10-25 00:00:00+00:00,2023-10-26 15:00:00+00:00,30.82,31.32,39.0,0.016223231667748195,0.014623231667748194,0.09993510707332898,-0.005191434133679396,Chandelier 3xATR (trailing),1.625
24678,24724,2023-10-26 20:00:00+00:00,2023-10-28 18:00:00+00:00,32.4,31.82,46.0,-0.01790123456790116,-0.01950123456790116,0.029320987654321007,-0.03703703703703698,Chandelier 3xATR (trailing),1.9166666666666667
24747,24841,2023-10-29 17:00:00+00:00,2023-11-02 15:00:00+00:00,32.91,40.03,94.0,0.21634761470677621,0.21474761470677622,0.42509875417806153,-0.019143117593436454,Chandelier 3xATR (trailing),3.9166666666666665
24845,24911,2023-11-02 19:00:00+00:00,2023-11-05 13:00:00+00:00,41.42,40.7,66.0,-0.01738290680830512,-0.01898290680830512,0.034524384355383964,-0.0830516658619026,Chandelier 3xATR (trailing),2.75
24947,25012,2023-11-07 01:00:00+00:00,2023-11-09 18:00:00+00:00,41.42,43.82,65.0,0.05794302269435048,0.05634302269435048,0.18010622887493977,-0.032351521004345796,Chandelier 3xATR (trailing),2.7083333333333335
25013,25068,2023-11-09 19:00:00+00:00,2023-11-12 02:00:00+00:00,44.42,55.51,55.0,0.24966231427285002,0.24806231427285003,0.43966681674921215,-0.031067086897793805,Chandelier 3xATR (trailing),2.2916666666666665
25069,25107,2023-11-12 03:00:00+00:00,2023-11-13 17:00:00+00:00,57.39,53.64,38.0,-0.0653423941453215,-0.06694239414532151,0.07788813382122317,-0.09043387349712484,Chandelier 3xATR (trailing),1.5833333333333333
25127,25176,2023-11-14 13:00:00+00:00,2023-11-16 14:00:00+00:00,55.7,62.62,49.0,0.12423698384201076,0.12263698384201076,0.22441651705565535,-0.0628366247755835,Chandelier 3xATR (trailing),2.0416666666666665
25178,25200,2023-11-16 16:00:00+00:00,2023-11-17 14:00:00+00:00,62.35,56.23,22.0,-0.0981555733761027,-0.0997555733761027,0.008660785886126732,-0.10601443464314353,Chandelier 3xATR (trailing),0.9166666666666666
25344,25345,2023-11-23 14:00:00+00:00,2023-11-23 15:00:00+00:00,57.44,56.6,1.0,-0.014623955431754765,-0.016223955431754766,0.0026114206128133866,-0.01758356545961004,rottura EMA200 (trend),0.041666666666666664
25357,25376,2023-11-24 03:00:00+00:00,2023-11-24 22:00:00+00:00,57.28,56.87,19.0,-0.007157821229050398,-0.0087578212290504,0.026361731843575376,-0.013093575418994363,rottura EMA200 (trend),0.7916666666666666
25379,25412,2023-11-25 01:00:00+00:00,2023-11-26 10:00:00+00:00,58.78,57.88,33.0,-0.015311330384484512,-0.016911330384484512,0.01769309288873755,-0.024668254508336207,Chandelier 3xATR (trailing),1.375
25422,25427,2023-11-26 20:00:00+00:00,2023-11-27 01:00:00+00:00,57.93,57.28,5.0,-0.011220438460210591,-0.012820438460210592,0.0069048852062834065,-0.01415501467288105,rottura EMA200 (trend),0.20833333333333334
25481,25522,2023-11-29 07:00:00+00:00,2023-12-01 00:00:00+00:00,59.36,58.89,41.0,-0.007917789757412419,-0.00951778975741242,0.04076819407008081,-0.012803234501347682,Chandelier 3xATR (trailing),1.7083333333333333
25532,25582,2023-12-01 10:00:00+00:00,2023-12-03 12:00:00+00:00,61.14,62.62,50.0,0.02420673863264633,0.02260673863264633,0.07180242067386322,-0.025515210991167825,Chandelier 3xATR (trailing),2.0833333333333335
25583,25606,2023-12-03 13:00:00+00:00,2023-12-04 12:00:00+00:00,63.38,61.81,23.0,-0.02477122120542763,-0.02637122120542763,0.029504575575891367,-0.05727358788261283,Chandelier 3xATR (trailing),0.9583333333333334
25635,25640,2023-12-05 17:00:00+00:00,2023-12-05 22:00:00+00:00,61.63,60.44,5.0,-0.019308778192438814,-0.020908778192438814,0.015739088106441645,-0.0230407269187084,rottura EMA200 (trend),0.20833333333333334
25642,25665,2023-12-06 00:00:00+00:00,2023-12-06 23:00:00+00:00,63.15,61.85,23.0,-0.02058590657165471,-0.02218590657165471,0.055898653998416536,-0.026128266033254133,Chandelier 3xATR (trailing),0.9583333333333334
25687,25737,2023-12-07 21:00:00+00:00,2023-12-09 23:00:00+00:00,68.67,72.3,50.0,0.052861511577107834,0.051261511577107836,0.13266346293869224,-0.02664919178680647,Chandelier 3xATR (trailing),2.0833333333333335
25738,25768,2023-12-10 00:00:00+00:00,2023-12-11 06:00:00+00:00,73.66,68.86,30.0,-0.065164268259571,-0.066764268259571,0.01819169155579692,-0.1286994298126526,Chandelier 3xATR (trailing),1.25
25786,25801,2023-12-12 00:00:00+00:00,2023-12-12 15:00:00+00:00,71.16,68.46,15.0,-0.03794266441821248,-0.03954266441821248,0.01770657672849918,-0.04145587408656548,rottura EMA200 (trend),0.625
25829,25874,2023-12-13 19:00:00+00:00,2023-12-15 16:00:00+00:00,70.35,74.0,45.0,0.051883439943141596,0.0502834399431416,0.13006396588486147,-0.030845771144278444,Chandelier 3xATR (trailing),1.875
25875,25906,2023-12-15 17:00:00+00:00,2023-12-17 00:00:00+00:00,75.08,73.37,31.0,-0.022775705913691935,-0.024375705913691936,0.03209909429941393,-0.05194459243473615,Chandelier 3xATR (trailing),1.2916666666666667
25922,25929,2023-12-17 16:00:00+00:00,2023-12-17 23:00:00+00:00,73.95,70.87,7.0,-0.04164976335361725,-0.04324976335361725,0.01487491548343467,-0.04854631507775531,rottura EMA200 (trend),0.2916666666666667
25948,25971,2023-12-18 18:00:00+00:00,2023-12-19 17:00:00+00:00,72.32,72.03,23.0,-0.004009955752212302,-0.005609955752212302,0.05600110619469034,-0.009126106194690231,rottura EMA200 (trend),0.9583333333333334
25973,26128,2023-12-19 19:00:00+00:00,2023-12-26 06:00:00+00:00,74.26,111.9,155.0,0.5068677619175868,0.5052677619175867,0.7015890115809318,-0.02639375168327507,Chandelier 3xATR (trailing),6.458333333333333
26132,26161,2023-12-26 10:00:00+00:00,2023-12-27 15:00:00+00:00,115.0,107.8,29.0,-0.06260869565217397,-0.06420869565217398,0.01878260869565218,-0.11226086956521741,Chandelier 3xATR (trailing),1.2083333333333333
26199,26226,2023-12-29 05:00:00+00:00,2023-12-30 08:00:00+00:00,106.33,101.33,27.0,-0.04702341766199569,-0.04862341766199569,0.034515188563904786,-0.04909244803912349,rottura EMA200 (trend),1.125
26282,26305,2024-01-01 16:00:00+00:00,2024-01-02 15:00:00+00:00,106.64,109.61,23.0,0.02785071267816952,0.02625071267816952,0.0966804201050262,-0.005532633158289557,Chandelier 3xATR (trailing),0.9583333333333334
26306,26325,2024-01-02 16:00:00+00:00,2024-01-03 11:00:00+00:00,110.14,103.42,19.0,-0.061013255856183,-0.062613255856183,0.00308698020700926,-0.07118213183221356,rottura EMA200 (trend),0.7916666666666666
26518,26530,2024-01-11 12:00:00+00:00,2024-01-12 00:00:00+00:00,106.8,99.76,12.0,-0.0659176029962546,-0.0675176029962546,0.0035580524344569486,-0.0854868913857677,Chandelier 3xATR (trailing),0.5
26894,26933,2024-01-27 04:00:00+00:00,2024-01-28 19:00:00+00:00,92.63,94.49,39.0,0.020079887725358958,0.018479887725358957,0.07351829860736259,-0.02105149519594074,Chandelier 3xATR (trailing),1.625
26934,26985,2024-01-28 20:00:00+00:00,2024-01-30 23:00:00+00:00,95.35,101.4,51.0,0.06345044572627168,0.06185044572627168,0.11683272155217628,-0.008599895123230117,Chandelier 3xATR (trailing),2.125
26993,27011,2024-01-31 07:00:00+00:00,2024-02-01 01:00:00+00:00,101.66,94.16,18.0,-0.07377532952980526,-0.07537532952980526,0.01052528034625233,-0.07928388746803072,rottura EMA200 (trend),0.75
27029,27069,2024-02-01 19:00:00+00:00,2024-02-03 11:00:00+00:00,97.87,98.66,40.0,0.008071932154899208,0.006471932154899209,0.048022887503831546,-0.009808930213548672,Chandelier 3xATR (trailing),1.6666666666666667
27113,27121,2024-02-05 07:00:00+00:00,2024-02-05 15:00:00+00:00,97.62,95.6,8.0,-0.020692481048965483,-0.022292481048965484,0.011063306699446773,-0.02448268797377584,rottura EMA200 (trend),0.3333333333333333
27178,27270,2024-02-08 00:00:00+00:00,2024-02-11 20:00:00+00:00,101.96,107.35,92.0,0.05286386818360134,0.05126386818360134,0.08728913299333074,-0.014221263240486337,Chandelier 3xATR (trailing),3.8333333333333335
27289,27314,2024-02-12 15:00:00+00:00,2024-02-13 16:00:00+00:00,108.86,108.5,25.0,-0.0033069998162778003,-0.0049069998162778,0.05778063567885372,-0.011941943781003106,Chandelier 3xATR (trailing),1.0416666666666667
27316,27363,2024-02-13 18:00:00+00:00,2024-02-15 17:00:00+00:00,111.4,113.34,47.0,0.017414721723518767,0.015814721723518766,0.06543985637342908,-0.007091561938958768,Chandelier 3xATR (trailing),1.9583333333333333
27432,27467,2024-02-18 14:00:00+00:00,2024-02-20 01:00:00+00:00,112.13,109.77,35.0,-0.02104699901899576,-0.02264699901899576,0.024435922589851167,-0.02728975296530811,rottura EMA200 (trend),1.4583333333333333
27636,27649,2024-02-27 02:00:00+00:00,2024-02-27 15:00:00+00:00,111.17,106.81,13.0,-0.039219213816677145,-0.04081921381667714,0.00908518485202836,-0.045156067284339296,Chandelier 3xATR (trailing),0.5416666666666666
27653,27734,2024-02-27 19:00:00+00:00,2024-03-02 04:00:00+00:00,108.41,129.23,81.0,0.19204870399409635,0.19044870399409636,0.2711004519878242,-0.014389816437598069,Chandelier 3xATR (trailing),3.375
27787,27795,2024-03-04 09:00:00+00:00,2024-03-04 17:00:00+00:00,134.3,127.44,8.0,-0.05107967237527933,-0.052679672375279325,0.0011913626209978379,-0.05174981384959054,Chandelier 3xATR (trailing),0.3333333333333333
27796,27821,2024-03-04 18:00:00+00:00,2024-03-05 19:00:00+00:00,130.13,119.24,25.0,-0.08368554522400673,-0.08528554522400673,0.0967494044417121,-0.19311457772996232,rottura EMA200 (trend),1.0416666666666667
27831,27914,2024-03-06 05:00:00+00:00,2024-03-09 16:00:00+00:00,129.59,145.47,83.0,0.12254031946909483,0.12094031946909482,0.17786866270545554,-0.03287290686009725,Chandelier 3xATR (trailing),3.4583333333333335
27953,28138,2024-03-11 07:00:00+00:00,2024-03-19 00:00:00+00:00,147.85,193.8,185.0,0.310787960771052,0.309187960771052,0.42157592154210355,-0.04294893473114636,Chandelier 3xATR (trailing),7.708333333333333
28183,28204,2024-03-20 21:00:00+00:00,2024-03-21 18:00:00+00:00,189.92,178.51,21.0,-0.060077927548441434,-0.06167792754844143,0.030328559393428822,-0.06702822240943551,rottura EMA200 (trend),0.875
28284,28322,2024-03-25 02:00:00+00:00,2024-03-26 16:00:00+00:00,184.25,187.38,38.0,0.01698778833107184,0.01538778833107184,0.06686567164179102,-0.002388059701492473,Chandelier 3xATR (trailing),1.5833333333333333
28323,28345,2024-03-26 17:00:00+00:00,2024-03-27 15:00:00+00:00,188.7,181.11,22.0,-0.04022257551669306,-0.04182257551669306,0.021409644939056838,-0.04610492845786962,rottura EMA200 (trend),0.9166666666666666
28403,28455,2024-03-30 01:00:00+00:00,2024-04-01 05:00:00+00:00,192.32,194.74,52.0,0.01258319467554081,0.010983194675540809,0.06312396006655585,-0.0045757071547420924,Chandelier 3xATR (trailing),2.1666666666666665
28456,28465,2024-04-01 06:00:00+00:00,2024-04-01 15:00:00+00:00,198.21,188.08,9.0,-0.051107411331416164,-0.05270741133141616,0.005499218001109973,-0.05721204782806111,rottura EMA200 (trend),0.375
28940,29017,2024-04-21 10:00:00+00:00,2024-04-24 15:00:00+00:00,150.99,151.51,77.0,0.0034439366845484543,0.0018439366845484542,0.059672826014967706,-0.028876084508907995,Chandelier 3xATR (trailing),3.2083333333333335
29240,29335,2024-05-03 22:00:00+00:00,2024-05-07 21:00:00+00:00,143.37,150.97,95.0,0.05300969519425269,0.051409695194252696,0.11034386552277309,-0.008021203878077698,Chandelier 3xATR (trailing),3.9583333333333335
29384,29400,2024-05-09 22:00:00+00:00,2024-05-10 14:00:00+00:00,152.95,147.49,16.0,-0.035697940503432335,-0.03729794050343233,0.01830663615560657,-0.04727034978751221,Chandelier 3xATR (trailing),0.6666666666666666
29487,29492,2024-05-14 05:00:00+00:00,2024-05-14 10:00:00+00:00,148.62,146.04,5.0,-0.017359709325797446,-0.018959709325797446,0.0001345713901224066,-0.03303727627506392,rottura EMA200 (trend),0.20833333333333334
29522,29614,2024-05-15 16:00:00+00:00,2024-05-19 12:00:00+00:00,153.09,169.14,92.0,0.10484029002547501,0.10324029002547501,0.150042458684434,-0.004245868443399359,Chandelier 3xATR (trailing),3.8333333333333335
29635,29663,2024-05-20 09:00:00+00:00,2024-05-21 13:00:00+00:00,176.88,178.97,28.0,0.011815920398009938,0.010215920398009937,0.06789914066033464,-0.008763003165988104,Chandelier 3xATR (trailing),1.1666666666666667
29671,29708,2024-05-21 21:00:00+00:00,2024-05-23 10:00:00+00:00,178.26,173.65,37.0,-0.02586110176147194,-0.02746110176147194,0.03780994053629527,-0.031807472231571765,Chandelier 3xATR (trailing),1.5416666666666667
29719,29726,2024-05-23 21:00:00+00:00,2024-05-24 04:00:00+00:00,178.97,169.08,7.0,-0.055260658210873226,-0.05686065821087322,0.0034642677543723632,-0.05581941107448185,rottura EMA200 (trend),0.2916666666666667
30010,30052,2024-06-05 00:00:00+00:00,2024-06-06 18:00:00+00:00,172.04,171.12,42.0,-0.005347593582887611,-0.006947593582887611,0.020692862125087252,-0.011857707509881354,Chandelier 3xATR (trailing),1.75
30062,30074,2024-06-07 04:00:00+00:00,2024-06-07 16:00:00+00:00,172.06,168.67,12.0,-0.019702429385098252,-0.021302429385098253,0.004591421597117229,-0.021213530163896377,rottura EMA200 (trend),0.5
30551,30574,2024-06-27 13:00:00+00:00,2024-06-28 12:00:00+00:00,148.03,144.49,23.0,-0.023914071471998866,-0.025514071471998866,0.02148213200027027,-0.02864284266702699,Chandelier 3xATR (trailing),0.9583333333333334
30575,30608,2024-06-28 13:00:00+00:00,2024-06-29 22:00:00+00:00,143.56,140.06,33.0,-0.02438005015324607,-0.02598005015324607,0.01483700195040405,-0.03169406519921991,Chandelier 3xATR (trailing),1.375
30618,30686,2024-06-30 08:00:00+00:00,2024-07-03 04:00:00+00:00,141.29,148.17,68.0,0.048694175100856274,0.04709417510085628,0.09703446811522398,-0.006723759643286753,Chandelier 3xATR (trailing),2.8333333333333335
30687,30694,2024-07-03 05:00:00+00:00,2024-07-03 12:00:00+00:00,149.41,141.52,7.0,-0.05280771032728726,-0.05440771032728726,0.0016732481092296414,-0.054748678133993756,rottura EMA200 (trend),0.2916666666666667
30858,30889,2024-07-10 08:00:00+00:00,2024-07-11 15:00:00+00:00,143.96,138.45,31.0,-0.03827452070019466,-0.039874520700194656,0.014865240344539954,-0.043623228674631864,rottura EMA200 (trend),1.2916666666666667
30945,31034,2024-07-13 23:00:00+00:00,2024-07-17 16:00:00+00:00,141.9,155.93,89.0,0.09887244538407325,0.09727244538407324,0.15433403805496826,-0.00021141649048628253,Chandelier 3xATR (trailing),3.7083333333333335
31042,31166,2024-07-18 00:00:00+00:00,2024-07-23 04:00:00+00:00,157.86,175.63,124.0,0.1125680983149624,0.11096809831496239,0.17300139363993394,-0.01767388825541627,Chandelier 3xATR (trailing),5.166666666666667
31170,31212,2024-07-23 08:00:00+00:00,2024-07-25 02:00:00+00:00,177.31,170.84,42.0,-0.03648976369071122,-0.038089763690711216,0.029270768710168538,-0.052788900795217475,Chandelier 3xATR (trailing),1.75
31234,31275,2024-07-26 00:00:00+00:00,2024-07-27 17:00:00+00:00,172.9,180.83,41.0,0.045864661654135386,0.04426466165413539,0.08924233661075776,-0.0019086176980914749,Chandelier 3xATR (trailing),1.7083333333333333
31276,31322,2024-07-27 18:00:00+00:00,2024-07-29 16:00:00+00:00,181.2,184.76,46.0,0.019646799116997737,0.018046799116997737,0.07052980132450326,-0.017052980132450157,Chandelier 3xATR (trailing),1.9166666666666667
31325,31343,2024-07-29 19:00:00+00:00,2024-07-30 13:00:00+00:00,186.84,179.59,18.0,-0.03880325412117325,-0.040403254121173245,0.0002676086491113505,-0.04040890601584246,Chandelier 3xATR (trailing),0.75
31360,31373,2024-07-31 06:00:00+00:00,2024-07-31 19:00:00+00:00,183.43,176.59,13.0,-0.03728942921005285,-0.038889429210052846,0.006214904868341975,-0.04601210270948042,rottura EMA200 (trend),0.5416666666666666
31570,31585,2024-08-09 00:00:00+00:00,2024-08-09 15:00:00+00:00,161.18,151.13,15.0,-0.06235264921206107,-0.06395264921206108,0.004901352525127134,-0.06247673408611487,rottura EMA200 (trend),0.625
31924,31961,2024-08-23 18:00:00+00:00,2024-08-25 07:00:00+00:00,148.28,156.12,37.0,0.05287294308065826,0.051272943080658266,0.09455084974372818,-0.0010115996762881663,Chandelier 3xATR (trailing),1.5416666666666667
31962,32012,2024-08-25 08:00:00+00:00,2024-08-27 10:00:00+00:00,157.18,153.62,50.0,-0.02264919200916149,-0.02424919200916149,0.030665479068583634,-0.023667133223056358,Chandelier 3xATR (trailing),2.0833333333333335
32350,32366,2024-09-10 12:00:00+00:00,2024-09-11 04:00:00+00:00,134.45,132.26,16.0,-0.016288583116400135,-0.017888583116400136,0.026403867608776554,-0.021123094087021066,rottura EMA200 (trend),0.6666666666666666
32379,32421,2024-09-11 17:00:00+00:00,2024-09-13 11:00:00+00:00,133.09,132.58,42.0,-0.0038319933879329415,-0.005431993387932941,0.02772559921857387,-0.010744608911263054,rottura EMA200 (trend),1.75
32425,32453,2024-09-13 15:00:00+00:00,2024-09-14 19:00:00+00:00,136.59,136.58,28.0,-7.321180174235664e-05,-0.0016732118017423567,0.02350098835932357,-0.007247968372501745,Chandelier 3xATR (trailing),1.1666666666666667
32563,32603,2024-09-19 09:00:00+00:00,2024-09-21 01:00:00+00:00,138.64,145.35,40.0,0.04839873052510102,0.04679873052510102,0.09997114829774967,-0.0013704558568955472,Chandelier 3xATR (trailing),1.6666666666666667
32604,32635,2024-09-21 02:00:00+00:00,2024-09-22 09:00:00+00:00,145.57,145.0,31.0,-0.003915641959194804,-0.005515641959194804,0.032149481349179165,-0.006594765404959624,Chandelier 3xATR (trailing),1.2916666666666667
32650,32721,2024-09-23 00:00:00+00:00,2024-09-25 23:00:00+00:00,145.59,147.98,71.0,0.016415962634796166,0.014815962634796166,0.05776495638436696,-0.021773473452847192,Chandelier 3xATR (trailing),2.9583333333333335
32734,32778,2024-09-26 12:00:00+00:00,2024-09-28 08:00:00+00:00,152.28,155.39,44.0,0.02042290517467804,0.01882290517467804,0.06008668242710802,-0.007814552140793296,Chandelier 3xATR (trailing),1.8333333333333333
32779,32827,2024-09-28 09:00:00+00:00,2024-09-30 09:00:00+00:00,156.87,154.43,48.0,-0.015554280614521576,-0.017154280614521577,0.03129980238413976,-0.015681774717919317,Chandelier 3xATR (trailing),2.0
33001,33004,2024-10-07 15:00:00+00:00,2024-10-07 18:00:00+00:00,148.71,145.71,3.0,-0.020173492031470674,-0.021773492031470675,0.004841638087552891,-0.02165288144711186,rottura EMA200 (trend),0.125
33005,33006,2024-10-07 19:00:00+00:00,2024-10-07 20:00:00+00:00,147.09,145.69,1.0,-0.00951798218777622,-0.01111798218777622,0.0011557549799441347,-0.00972193894894291,rottura EMA200 (trend),0.041666666666666664
33007,33008,2024-10-07 21:00:00+00:00,2024-10-07 22:00:00+00:00,146.87,144.46,1.0,-0.01640906924491048,-0.01800906924491048,0.00020426227275827102,-0.016953768638932498,rottura EMA200 (trend),0.041666666666666664
33118,33189,2024-10-12 12:00:00+00:00,2024-10-15 11:00:00+00:00,147.02,152.41,71.0,0.03666167868317216,0.035061678683172164,0.07767650659774161,-0.017480614882329104,Chandelier 3xATR (trailing),2.9583333333333335
33190,33230,2024-10-15 12:00:00+00:00,2024-10-17 04:00:00+00:00,153.52,153.24,40.0,-0.0018238665971860302,-0.00342386659718603,0.04045075560187583,-0.020974465867639402,Chandelier 3xATR (trailing),1.6666666666666667
33293,33335,2024-10-19 19:00:00+00:00,2024-10-21 13:00:00+00:00,156.37,162.58,42.0,0.03971350003197549,0.03811350003197549,0.09842041312272176,-0.0015348212572744435,Chandelier 3xATR (trailing),1.75
33336,33422,2024-10-21 14:00:00+00:00,2024-10-25 04:00:00+00:00,164.26,173.25,86.0,0.05473030561305259,0.05313030561305259,0.09156215755509578,-0.007731644953122951,Chandelier 3xATR (trailing),3.5833333333333335
33423,33435,2024-10-25 05:00:00+00:00,2024-10-25 17:00:00+00:00,173.86,167.94,12.0,-0.03405038536753724,-0.035650385367537236,0.021511561026112958,-0.03991717473829537,Chandelier 3xATR (trailing),0.5
33459,33548,2024-10-26 17:00:00+00:00,2024-10-30 10:00:00+00:00,170.05,177.22,89.0,0.04216406939135542,0.04056406939135542,0.07838870920317542,-0.0031167303734196405,Chandelier 3xATR (trailing),3.7083333333333335
33712,33794,2024-11-06 06:00:00+00:00,2024-11-09 16:00:00+00:00,185.16,196.75,82.0,0.06259451285374817,0.06099451285374818,0.10715057247785698,-0.02727370922445438,Chandelier 3xATR (trailing),3.4166666666666665
33807,33862,2024-11-10 05:00:00+00:00,2024-11-12 12:00:00+00:00,206.87,208.93,55.0,0.00995794460289079,0.008357944602890788,0.08865471068787167,-0.03451442935176685,Chandelier 3xATR (trailing),2.2916666666666665
33868,33925,2024-11-12 18:00:00+00:00,2024-11-15 03:00:00+00:00,213.25,209.02,57.0,-0.019835873388042158,-0.02143587338804216,0.04478311840562732,-0.058991793669402215,Chandelier 3xATR (trailing),2.375
33931,34039,2024-11-15 09:00:00+00:00,2024-11-19 21:00:00+00:00,213.06,236.49,108.0,0.10996902281047594,0.10836902281047593,0.16605650990331355,-0.029803811133014113,Chandelier 3xATR (trailing),4.5
34055,34146,2024-11-20 13:00:00+00:00,2024-11-24 08:00:00+00:00,238.49,254.01,91.0,0.06507610381986662,0.06347610381986661,0.10859994129732886,-0.03727619606692112,Chandelier 3xATR (trailing),3.7916666666666665
34160,34176,2024-11-24 22:00:00+00:00,2024-11-25 14:00:00+00:00,253.47,242.06,16.0,-0.04501518917426128,-0.04661518917426128,0.012743125419181656,-0.045212451177654156,rottura EMA200 (trend),0.6666666666666666
34281,34296,2024-11-29 23:00:00+00:00,2024-11-30 14:00:00+00:00,243.33,239.13,15.0,-0.01726051041795096,-0.01886051041795096,0.008506965848847248,-0.018123535938848634,rottura EMA200 (trend),0.625
35077,35155,2025-01-02 03:00:00+00:00,2025-01-05 09:00:00+00:00,198.54,213.19,78.0,0.07378865719754213,0.07218865719754212,0.10723279943588215,0.0,Chandelier 3xATR (trailing),3.25
35168,35200,2025-01-05 22:00:00+00:00,2025-01-07 06:00:00+00:00,214.22,216.36,32.0,0.009989730183923129,0.008389730183923128,0.0418261600224068,-0.012417141256652053,Chandelier 3xATR (trailing),1.3333333333333333
35409,35506,2025-01-15 23:00:00+00:00,2025-01-20 00:00:00+00:00,205.86,236.06,97.0,0.1467016418925482,0.1451016418925482,0.43704459341299895,-0.03589818323132232,Chandelier 3xATR (trailing),4.041666666666667
35512,35530,2025-01-20 06:00:00+00:00,2025-01-21 00:00:00+00:00,257.84,235.32,18.0,-0.08734098665839274,-0.08894098665839274,0.0599208811666152,-0.09994570276140236,Chandelier 3xATR (trailing),0.75
35547,35580,2025-01-21 17:00:00+00:00,2025-01-23 02:00:00+00:00,249.12,248.75,33.0,-0.0014852280025691167,-0.0030852280025691165,0.09196371226718036,-0.0109987154784843,Chandelier 3xATR (trailing),1.375
35592,35625,2025-01-23 14:00:00+00:00,2025-01-24 23:00:00+00:00,251.42,253.37,33.0,0.007755946225439514,0.006155946225439514,0.07461618009704885,-0.031023784901757945,Chandelier 3xATR (trailing),1.375
35641,35671,2025-01-25 15:00:00+00:00,2025-01-26 21:00:00+00:00,253.68,249.22,30.0,-0.0175812046672974,-0.0191812046672974,0.02798801639861237,-0.017935982339955858,Chandelier 3xATR (trailing),1.25
36513,36520,2025-03-02 23:00:00+00:00,2025-03-03 06:00:00+00:00,178.71,161.81,7.0,-0.09456661630574681,-0.09616661630574681,0.004252699904873758,-0.10144927536231885,Chandelier 3xATR (trailing),0.2916666666666667
36521,36532,2025-03-03 07:00:00+00:00,2025-03-03 18:00:00+00:00,162.26,148.88,11.0,-0.08246024898311355,-0.08406024898311355,0.029643781585110274,-0.08492542832491068,rottura EMA200 (trend),0.4583333333333333
36822,36837,2025-03-15 20:00:00+00:00,2025-03-16 11:00:00+00:00,135.47,129.91,15.0,-0.04104229718756924,-0.04264229718756924,0.009153318077803174,-0.0427400900568391,rottura EMA200 (trend),0.625
36927,36937,2025-03-20 05:00:00+00:00,2025-03-20 15:00:00+00:00,133.93,128.91,10.0,-0.037482266855820234,-0.03908226685582023,0.0076905846337638195,-0.04046890166504902,rottura EMA200 (trend),0.4166666666666667
37002,37013,2025-03-23 08:00:00+00:00,2025-03-23 19:00:00+00:00,131.06,130.55,11.0,-0.0038913474744390886,-0.005491347474439088,0.022890279261406965,-0.005417366091866382,Chandelier 3xATR (trailing),0.4583333333333333
37014,37044,2025-03-23 20:00:00+00:00,2025-03-25 02:00:00+00:00,130.65,139.65,30.0,0.06888633754305395,0.06728633754305395,0.10952927669345591,-0.003444316877152853,Chandelier 3xATR (trailing),1.25
37045,37079,2025-03-25 03:00:00+00:00,2025-03-26 13:00:00+00:00,138.57,141.25,34.0,0.019340405571191432,0.01774040557119143,0.06429963195496868,-0.002886627697192834,Chandelier 3xATR (trailing),1.4166666666666667
37104,37118,2025-03-27 14:00:00+00:00,2025-03-28 04:00:00+00:00,139.77,134.28,14.0,-0.03927881519639409,-0.04087881519639409,0.0012878300064389503,-0.044501681333619536,rottura EMA200 (trend),0.5833333333333334
37467,37564,2025-04-11 17:00:00+00:00,2025-04-15 18:00:00+00:00,121.41,128.16,97.0,0.055596738324684924,0.05399673832468493,0.1212420723169425,-0.016473107651758467,Chandelier 3xATR (trailing),4.041666666666667
37585,37676,2025-04-16 15:00:00+00:00,2025-04-20 10:00:00+00:00,128.39,138.33,91.0,0.0774203598411094,0.0758203598411094,0.1056935898434459,-0.027494353142768047,Chandelier 3xATR (trailing),3.7916666666666665
37689,37703,2025-04-20 23:00:00+00:00,2025-04-21 13:00:00+00:00,137.86,137.19,14.0,-0.0048600029014943535,-0.006460002901494353,0.03909763528217014,-0.006455824749746264,Chandelier 3xATR (trailing),0.5833333333333334
37704,37769,2025-04-21 14:00:00+00:00,2025-04-24 07:00:00+00:00,139.72,147.17,65.0,0.053320927569424414,0.05172092756942442,0.10370741482965928,-0.04222731176638994,Chandelier 3xATR (trailing),2.7083333333333335
37773,37819,2025-04-24 11:00:00+00:00,2025-04-26 09:00:00+00:00,147.7,149.56,46.0,0.012593094109681902,0.0109930941096819,0.06296547054840906,-0.004265402843601884,Chandelier 3xATR (trailing),1.9166666666666667
37926,37927,2025-04-30 20:00:00+00:00,2025-04-30 21:00:00+00:00,147.01,146.41,1.0,-0.004081355009863286,-0.0056813550098632854,0.0036732195088771125,-0.005033671178831245,rottura EMA200 (trend),0.041666666666666664
37928,37960,2025-04-30 22:00:00+00:00,2025-05-02 06:00:00+00:00,147.12,148.99,32.0,0.012710712343665165,0.011110712343665164,0.04669657422512241,-0.0012234910277325595,Chandelier 3xATR (trailing),1.3333333333333333
38102,38183,2025-05-08 04:00:00+00:00,2025-05-11 13:00:00+00:00,150.87,170.93,81.0,0.13296215284682167,0.13136215284682168,0.19480347318883795,-0.005965400676078758,Chandelier 3xATR (trailing),3.375
38184,38220,2025-05-11 14:00:00+00:00,2025-05-13 02:00:00+00:00,171.91,169.01,36.0,-0.01686929207143273,-0.01846929207143273,0.05555232389040787,-0.021813739747542304,Chandelier 3xATR (trailing),1.5
38240,38258,2025-05-13 22:00:00+00:00,2025-05-14 16:00:00+00:00,182.94,175.94,18.0,-0.03826391166502674,-0.03986391166502674,0.010604569804307351,-0.04383951022193078,Chandelier 3xATR (trailing),0.75
38300,38310,2025-05-16 10:00:00+00:00,2025-05-16 20:00:00+00:00,173.2,169.6,10.0,-0.020785219399538035,-0.022385219399538036,0.00583140877598165,-0.025288683602771367,rottura EMA200 (trend),0.4166666666666667
38351,38356,2025-05-18 13:00:00+00:00,2025-05-18 18:00:00+00:00,172.83,170.26,5.0,-0.014870103569982196,-0.016470103569982197,0.022796968118960814,-0.022507666493085776,Chandelier 3xATR (trailing),0.20833333333333334
38360,38362,2025-05-18 22:00:00+00:00,2025-05-19 00:00:00+00:00,170.09,168.06,2.0,-0.011934858016344307,-0.013534858016344308,0.024634017284966836,-0.014462931389264577,rottura EMA200 (trend),0.08333333333333333
38438,38469,2025-05-22 04:00:00+00:00,2025-05-23 11:00:00+00:00,176.91,177.91,31.0,0.00565259171330057,0.00405259171330057,0.061047990503646066,-0.009326776326945896,Chandelier 3xATR (trailing),1.2916666666666667
38471,38482,2025-05-23 13:00:00+00:00,2025-05-24 00:00:00+00:00,180.15,172.75,11.0,-0.041076880377463265,-0.04267688037746326,0.02003885650846504,-0.042464612822647796,Chandelier 3xATR (trailing),0.4583333333333333
38492,38506,2025-05-24 10:00:00+00:00,2025-05-25 00:00:00+00:00,177.41,172.31,14.0,-0.028746970294797336,-0.030346970294797337,0.005185727974747811,-0.032128966800067604,rottura EMA200 (trend),0.5833333333333334
38528,38555,2025-05-25 22:00:00+00:00,2025-05-27 01:00:00+00:00,174.89,172.09,27.0,-0.016010063468465785,-0.017610063468465786,0.023614843615987313,-0.02087026130710723,rottura EMA200 (trend),1.125
38571,38584,2025-05-27 17:00:00+00:00,2025-05-28 06:00:00+00:00,178.41,174.04,13.0,-0.024494142705005384,-0.026094142705005385,0.004932458942884299,-0.02639986547839246,rottura EMA200 (trend),0.5416666666666666
38894,38935,2025-06-10 04:00:00+00:00,2025-06-11 21:00:00+00:00,159.3,160.41,41.0,0.0069679849340864575,0.005367984934086458,0.05687382297551791,-0.018706842435656124,Chandelier 3xATR (trailing),1.7083333333333333
39053,39057,2025-06-16 19:00:00+00:00,2025-06-16 23:00:00+00:00,157.79,150.72,4.0,-0.0448063882375308,-0.0464063882375308,0.00044362760631222464,-0.04746815387540393,rottura EMA200 (trend),0.16666666666666666
39060,39065,2025-06-17 02:00:00+00:00,2025-06-17 07:00:00+00:00,153.25,152.67,5.0,-0.003784665579119162,-0.005384665579119162,0.0070473083197390984,-0.008743882544861359,rottura EMA200 (trend),0.20833333333333334
39259,39286,2025-06-25 09:00:00+00:00,2025-06-26 12:00:00+00:00,145.5,143.01,27.0,-0.017113402061855743,-0.018713402061855743,0.01718213058419238,-0.022336769759450203,rottura EMA200 (trend),1.125
39338,39382,2025-06-28 16:00:00+00:00,2025-06-30 12:00:00+00:00,149.16,149.92,44.0,0.005095199785465132,0.0034951997854651322,0.03761061946902666,-0.0004692947170822359,Chandelier 3xATR (trailing),1.8333333333333333
39383,39398,2025-06-30 13:00:00+00:00,2025-07-01 04:00:00+00:00,150.9,152.5,15.0,0.01060304837640813,0.00900304837640813,0.06023856858846921,-0.006295559973492515,Chandelier 3xATR (trailing),0.625
39424,39457,2025-07-02 06:00:00+00:00,2025-07-03 15:00:00+00:00,149.67,150.18,33.0,0.003407496492283224,0.001807496492283224,0.04463152268323656,-0.01703748246141501,Chandelier 3xATR (trailing),1.375
39462,39479,2025-07-03 20:00:00+00:00,2025-07-04 13:00:00+00:00,152.82,148.54,17.0,-0.02800680539196443,-0.02960680539196443,0.006936264886794996,-0.029053788771103206,rottura EMA200 (trend),0.7083333333333334
39532,39557,2025-07-06 18:00:00+00:00,2025-07-07 19:00:00+00:00,151.39,148.97,25.0,-0.0159852037783208,-0.0175852037783208,0.01651364026686042,-0.018231058854613846,rottura EMA200 (trend),1.0416666666666667
39598,39669,2025-07-09 12:00:00+00:00,2025-07-12 11:00:00+00:00,154.06,161.62,71.0,0.04907179021160579,0.047471790211605795,0.09178242243281831,-0.00772426327404907,Chandelier 3xATR (trailing),2.9583333333333335
39683,39728,2025-07-13 01:00:00+00:00,2025-07-14 22:00:00+00:00,161.5,162.3,45.0,0.004953560371517174,0.003353560371517174,0.04427244582043355,-0.011578947368421133,Chandelier 3xATR (trailing),1.875
39747,39822,2025-07-15 17:00:00+00:00,2025-07-18 20:00:00+00:00,162.81,175.33,75.0,0.07689945335053139,0.07529945335053138,0.13426693692033642,-0.01904059947177683,Chandelier 3xATR (trailing),3.125
39824,39931,2025-07-18 22:00:00+00:00,2025-07-23 09:00:00+00:00,175.9,197.66,107.0,0.1237066515065377,0.1221066515065377,0.17282546901648677,-0.010801591813530464,Chandelier 3xATR (trailing),4.458333333333333
39991,40056,2025-07-25 21:00:00+00:00,2025-07-28 14:00:00+00:00,185.06,187.5,65.0,0.013184913001188736,0.011584913001188735,0.05511725926726463,-0.004160812709391615,Chandelier 3xATR (trailing),2.7083333333333335
40308,40367,2025-08-08 02:00:00+00:00,2025-08-10 13:00:00+00:00,174.84,178.85,59.0,0.02293525509036831,0.02133525509036831,0.06485929993136574,-0.005490734385724116,Chandelier 3xATR (trailing),2.4583333333333335
40368,40389,2025-08-10 14:00:00+00:00,2025-08-11 11:00:00+00:00,181.52,179.08,21.0,-0.013442044953724142,-0.015042044953724142,0.02908770383428827,-0.0174636403702072,Chandelier 3xATR (trailing),0.875
40416,40462,2025-08-12 14:00:00+00:00,2025-08-14 12:00:00+00:00,179.6,194.41,46.0,0.08246102449888637,0.08086102449888637,0.16848552338530087,-0.001837416481068943,Chandelier 3xATR (trailing),1.9166666666666667
40479,40488,2025-08-15 05:00:00+00:00,2025-08-15 14:00:00+00:00,196.5,187.56,9.0,-0.04549618320610682,-0.04709618320610682,0.00798982188295172,-0.04758269720101782,Chandelier 3xATR (trailing),0.375
40532,40547,2025-08-17 10:00:00+00:00,2025-08-18 01:00:00+00:00,193.13,186.53,15.0,-0.03417387252109971,-0.03577387252109971,0.014290892145187195,-0.03432920830528652,rottura EMA200 (trend),0.625
40660,40721,2025-08-22 18:00:00+00:00,2025-08-25 07:00:00+00:00,196.82,199.82,61.0,0.015242353419367971,0.01364235341936797,0.08525556345899798,-0.00792602377807139,Chandelier 3xATR (trailing),2.5416666666666665
40756,40818,2025-08-26 18:00:00+00:00,2025-08-29 08:00:00+00:00,194.86,206.82,62.0,0.06137739915836993,0.05977739915836993,0.11875192445858551,-0.005542440726675646,Chandelier 3xATR (trailing),2.5833333333333335
40822,40830,2025-08-29 12:00:00+00:00,2025-08-29 20:00:00+00:00,211.9,201.02,8.0,-0.05134497404436056,-0.052944974044360556,0.0004719207173193851,-0.05247758376592737,Chandelier 3xATR (trailing),0.3333333333333333
40858,40881,2025-08-31 00:00:00+00:00,2025-08-31 23:00:00+00:00,205.43,200.62,23.0,-0.02341430170861125,-0.025014301708611252,0.005987440977461844,-0.025069366694251083,rottura EMA200 (trend),0.9583333333333334
40889,40891,2025-09-01 07:00:00+00:00,2025-09-01 09:00:00+00:00,202.92,201.04,2.0,-0.009264734870885083,-0.010864734870885084,0.008180563768973137,-0.009412576384782212,rottura EMA200 (trend),0.08333333333333333
40985,40992,2025-09-05 07:00:00+00:00,2025-09-05 14:00:00+00:00,207.87,202.24,7.0,-0.027084235339394747,-0.028684235339394747,0.010246788858421008,-0.030066868716024486,rottura EMA200 (trend),0.2916666666666667
41052,41217,2025-09-08 02:00:00+00:00,2025-09-14 23:00:00+00:00,207.81,239.76,165.0,0.15374621048072745,0.15214621048072746,0.20109715605601264,-0.005533901159713195,Chandelier 3xATR (trailing),6.875
41290,41317,2025-09-18 00:00:00+00:00,2025-09-19 03:00:00+00:00,244.73,245.0,27.0,0.0011032566501860686,-0.0004967433498139315,0.035876271809749616,-0.008785191844073004,Chandelier 3xATR (trailing),1.125
41318,41329,2025-09-19 04:00:00+00:00,2025-09-19 15:00:00+00:00,245.02,237.54,11.0,-0.03052812015345696,-0.03212812015345696,0.002897722634886968,-0.03758876826381519,Chandelier 3xATR (trailing),0.4583333333333333
41354,41377,2025-09-20 16:00:00+00:00,2025-09-21 15:00:00+00:00,240.39,237.91,23.0,-0.01031656890885635,-0.01191656890885635,0.005948666749864939,-0.013686093431507063,Chandelier 3xATR (trailing),0.9583333333333334
41617,41683,2025-10-01 15:00:00+00:00,2025-10-04 09:00:00+00:00,220.25,228.48,66.0,0.03736662883087405,0.03576662883087405,0.07604994324631109,-0.013212258796821752,Chandelier 3xATR (trailing),2.75
41684,41713,2025-10-04 10:00:00+00:00,2025-10-05 15:00:00+00:00,229.18,230.14,29.0,0.00418884719434498,0.0025888471943449802,0.03508159525263976,-0.02229688454489931,Chandelier 3xATR (trailing),1.2083333333333333
41714,41757,2025-10-05 16:00:00+00:00,2025-10-07 11:00:00+00:00,231.09,230.44,43.0,-0.0028127569345276493,-0.004412756934527649,0.02899303301743905,-0.018996927603963876,Chandelier 3xATR (trailing),1.7916666666666667
41787,41796,2025-10-08 17:00:00+00:00,2025-10-09 02:00:00+00:00,226.92,224.44,9.0,-0.010928961748633781,-0.012528961748633782,0.012339150361360796,-0.013573065397496809,rottura EMA200 (trend),0.375
41797,41801,2025-10-09 03:00:00+00:00,2025-10-09 07:00:00+00:00,226.19,224.5,4.0,-0.007471594677041393,-0.009071594677041394,0.011848445996728518,-0.0090631769751095,rottura EMA200 (trend),0.16666666666666666
41806,41807,2025-10-09 12:00:00+00:00,2025-10-09 13:00:00+00:00,225.95,222.28,1.0,-0.016242531533525062,-0.017842531533525063,0.0012392122150919338,-0.018057092277052322,rottura EMA200 (trend),0.041666666666666664
42174,42240,2025-10-24 20:00:00+00:00,2025-10-27 14:00:00+00:00,193.6,199.11,66.0,0.028460743801653088,0.026860743801653087,0.060588842975206614,-0.01244834710743803,Chandelier 3xATR (trailing),2.75
42241,42269,2025-10-27 15:00:00+00:00,2025-10-28 19:00:00+00:00,200.11,195.35,28.0,-0.0237869171955426,-0.0253869171955426,0.019389335865274138,-0.028134526010694216,Chandelier 3xATR (trailing),1.1666666666666667
42285,42292,2025-10-29 11:00:00+00:00,2025-10-29 18:00:00+00:00,198.74,193.54,7.0,-0.026164838482439445,-0.027764838482439446,0.01489383113615772,-0.047147026265472514,rottura EMA200 (trend),0.2916666666666667
42300,42302,2025-10-30 02:00:00+00:00,2025-10-30 04:00:00+00:00,198.17,191.81,2.0,-0.032093656961194816,-0.033693656961194814,0.00010092344956347254,-0.039461068779330866,rottura EMA200 (trend),0.08333333333333333
42966,42995,2025-11-26 20:00:00+00:00,2025-11-28 01:00:00+00:00,142.91,139.05,29.0,-0.02701000629766981,-0.02861000629766981,0.009656427121964795,-0.02840948848925895,Chandelier 3xATR (trailing),1.2083333333333333
43123,43157,2025-12-03 09:00:00+00:00,2025-12-04 19:00:00+00:00,142.09,139.67,34.0,-0.017031458934478216,-0.018631458934478217,0.03392216200999365,-0.03019213174748392,Chandelier 3xATR (trailing),1.4166666666666667
43278,43306,2025-12-09 20:00:00+00:00,2025-12-11 00:00:00+00:00,140.15,133.86,28.0,-0.04488048519443444,-0.046480485194434436,0.017267213699607487,-0.047805922226186404,rottura EMA200 (trend),1.1666666666666667
43339,43345,2025-12-12 09:00:00+00:00,2025-12-12 15:00:00+00:00,138.25,133.49,6.0,-0.03443037974683538,-0.03603037974683538,0.011645569620253315,-0.03905967450271253,rottura EMA200 (trend),0.25
43741,43749,2025-12-29 03:00:00+00:00,2025-12-29 11:00:00+00:00,128.58,125.08,8.0,-0.02722040752838706,-0.02882040752838706,0.004433037797480166,-0.027764815678954835,Chandelier 3xATR (trailing),0.3333333333333333
43791,43805,2025-12-31 05:00:00+00:00,2025-12-31 19:00:00+00:00,125.64,124.39,14.0,-0.009949060808659649,-0.01154906080865965,0.014326647564469885,-0.010585800700413817,rottura EMA200 (trend),0.5833333333333334
43810,43817,2026-01-01 00:00:00+00:00,2026-01-01 07:00:00+00:00,125.15,124.24,7.0,-0.007271274470635358,-0.008871274470635359,0.005193767479025002,-0.007431082700759095,rottura EMA200 (trend),0.2916666666666667
43819,43826,2026-01-01 09:00:00+00:00,2026-01-01 16:00:00+00:00,125.05,124.45,7.0,-0.004798080767692836,-0.006398080767692836,0.0019192323070771344,-0.006157536985205936,rottura EMA200 (trend),0.2916666666666667
43827,43947,2026-01-01 17:00:00+00:00,2026-01-06 17:00:00+00:00,125.2,136.52,120.0,0.09041533546325886,0.08881533546325886,0.14600638977635771,-0.001357827476038298,Chandelier 3xATR (trailing),5.0
43948,43969,2026-01-06 18:00:00+00:00,2026-01-07 15:00:00+00:00,137.57,135.7,21.0,-0.013593079886603188,-0.015193079886603188,0.03212909791378937,-0.01686414189140073,Chandelier 3xATR (trailing),0.875
43994,44025,2026-01-08 16:00:00+00:00,2026-01-09 23:00:00+00:00,138.19,135.97,31.0,-0.016064838266155235,-0.017664838266155235,0.021564512627541665,-0.023228887763224626,Chandelier 3xATR (trailing),1.2916666666666667
44066,44100,2026-01-11 16:00:00+00:00,2026-01-13 02:00:00+00:00,140.04,138.38,34.0,-0.011853756069694299,-0.0134537560696943,0.031133961725221537,-0.018209083119108738,Chandelier 3xATR (trailing),1.4166666666666667
44103,44163,2026-01-13 05:00:00+00:00,2026-01-15 17:00:00+00:00,139.95,142.66,60.0,0.01936405859235446,0.01776405859235446,0.06280814576634519,-0.0008574490889601272,Chandelier 3xATR (trailing),2.5
44182,44185,2026-01-16 12:00:00+00:00,2026-01-16 15:00:00+00:00,143.66,140.78,3.0,-0.020047333983015392,-0.021647333983015393,0.000626479186969231,-0.023666991507726665,rottura EMA200 (trend),0.125
44187,44219,2026-01-16 17:00:00+00:00,2026-01-18 01:00:00+00:00,143.31,142.77,32.0,-0.0037680552648104992,-0.005368055264810499,0.015630451468843898,-0.008582792547623952,Chandelier 3xATR (trailing),1.3333333333333333
44899,44908,2026-02-15 09:00:00+00:00,2026-02-15 18:00:00+00:00,90.0,86.21,9.0,-0.04211111111111121,-0.04371111111111121,0.0014444444444443594,-0.047666666666666746,rottura EMA200 (trend),0.375
45055,45070,2026-02-21 21:00:00+00:00,2026-02-22 12:00:00+00:00,85.84,84.47,15.0,-0.015959925442684098,-0.017559925442684098,0.0006989748369059523,-0.01747437092264681,rottura EMA200 (trend),0.625
45152,45170,2026-02-25 22:00:00+00:00,2026-02-26 16:00:00+00:00,89.1,84.58,18.0,-0.05072951739618403,-0.05232951739618403,0.002693602693602859,-0.05342312008978667,Chandelier 3xATR (trailing),0.75
45172,45189,2026-02-26 18:00:00+00:00,2026-02-27 11:00:00+00:00,85.38,83.59,17.0,-0.02096509721246187,-0.02256509721246187,0.03408292340126495,-0.023776059967205443,rottura EMA200 (trend),0.7083333333333334
45231,45245,2026-03-01 05:00:00+00:00,2026-03-01 19:00:00+00:00,87.26,83.23,14.0,-0.04618381847352737,-0.04778381847352737,0.0013752005500800024,-0.048475819390327746,rottura EMA200 (trend),0.5833333333333334
45300,45339,2026-03-04 02:00:00+00:00,2026-03-05 17:00:00+00:00,87.08,88.12,39.0,0.011943040881947642,0.010343040881947641,0.08004134129536067,-0.026412494258153396,Chandelier 3xATR (trailing),1.625
45456,45473,2026-03-10 14:00:00+00:00,2026-03-11 07:00:00+00:00,88.1,85.45,17.0,-0.030079455164585656,-0.03167945516458565,0.007945516458569779,-0.0350737797956866,Chandelier 3xATR (trailing),0.7083333333333334
45516,45536,2026-03-13 02:00:00+00:00,2026-03-13 22:00:00+00:00,89.09,88.01,20.0,-0.012122572679313048,-0.013722572679313049,0.043663710854192406,-0.015265461892468246,Chandelier 3xATR (trailing),0.8333333333333334
45566,45644,2026-03-15 04:00:00+00:00,2026-03-18 10:00:00+00:00,88.32,93.86,78.0,0.0627264492753623,0.06112644927536231,0.10597826086956541,-0.010869565217391242,Chandelier 3xATR (trailing),3.25
45785,45794,2026-03-24 07:00:00+00:00,2026-03-24 16:00:00+00:00,91.72,89.28,9.0,-0.026602703881378087,-0.028202703881378088,0.005451373746184096,-0.03292629742695152,rottura EMA200 (trend),0.375
45798,45830,2026-03-24 20:00:00+00:00,2026-03-26 04:00:00+00:00,90.04,90.82,32.0,0.008662816525988326,0.007062816525988326,0.03809418036428247,-0.0038871612616615536,Chandelier 3xATR (trailing),1.3333333333333333
46143,46161,2026-04-08 05:00:00+00:00,2026-04-08 23:00:00+00:00,84.22,82.57,18.0,-0.01959154595108059,-0.021191545951080592,0.009023984801709961,-0.023509855141296665,Chandelier 3xATR (trailing),0.75
46184,46235,2026-04-09 22:00:00+00:00,2026-04-12 01:00:00+00:00,83.99,82.31,51.0,-0.02000238123586129,-0.02160238123586129,0.027027027027027195,-0.023217049648767585,rottura EMA200 (trend),2.125
46278,46300,2026-04-13 20:00:00+00:00,2026-04-14 18:00:00+00:00,83.93,84.08,22.0,0.0017872036220658583,0.00018720362206585818,0.044560943643512374,-0.0011914690813774609,Chandelier 3xATR (trailing),0.9166666666666666
46325,46359,2026-04-15 19:00:00+00:00,2026-04-17 05:00:00+00:00,85.51,87.41,34.0,0.022219623435855373,0.020619623435855373,0.05870658402526008,-0.01999766109226997,Chandelier 3xATR (trailing),1.4166666666666667
46360,46386,2026-04-17 06:00:00+00:00,2026-04-18 08:00:00+00:00,88.0,87.56,26.0,-0.0050000000000000044,-0.006600000000000004,0.031022727272727257,-0.010227272727272751,Chandelier 3xATR (trailing),1.0833333333333333
46416,46419,2026-04-19 14:00:00+00:00,2026-04-19 17:00:00+00:00,86.53,85.13,3.0,-0.016179359759621037,-0.017779359759621038,0.0016179359759620482,-0.017681728880157177,rottura EMA200 (trend),0.125
46480,46497,2026-04-22 06:00:00+00:00,2026-04-22 23:00:00+00:00,87.96,86.87,17.0,-0.012391996361982627,-0.013991996361982628,0.015461573442473897,-0.013074124602091786,Chandelier 3xATR (trailing),0.7083333333333334
46523,46524,2026-04-24 01:00:00+00:00,2026-04-24 02:00:00+00:00,86.28,85.89,1.0,-0.004520166898470124,-0.006120166898470124,0.0009272137227631649,-0.005795085767269392,rottura EMA200 (trend),0.041666666666666664
46533,46562,2026-04-24 11:00:00+00:00,2026-04-25 16:00:00+00:00,86.19,85.88,29.0,-0.0035967049541710816,-0.0051967049541710815,0.00870170553428462,-0.007657500870170475,rottura EMA200 (trend),1.2083333333333333
46805,46837,2026-05-05 19:00:00+00:00,2026-05-07 03:00:00+00:00,86.49,87.75,32.0,0.014568158168574374,0.012968158168574374,0.04092958723551865,-0.004509191814082603,Chandelier 3xATR (trailing),1.3333333333333333
46838,46860,2026-05-07 04:00:00+00:00,2026-05-08 02:00:00+00:00,88.36,88.06,22.0,-0.003395201448619267,-0.004995201448619267,0.02354006337709369,-0.00860117700316887,Chandelier 3xATR (trailing),0.9166666666666666
46876,46962,2026-05-08 18:00:00+00:00,2026-05-12 08:00:00+00:00,92.32,95.65,86.0,0.036070190641247946,0.03447019064124795,0.06596620450606583,-0.006390814558058788,Chandelier 3xATR (trailing),3.5833333333333335
47017,47027,2026-05-14 15:00:00+00:00,2026-05-15 01:00:00+00:00,93.16,91.74,10.0,-0.01524259338772005,-0.01684259338772005,0.005581794761700509,-0.015779304422498863,rottura EMA200 (trend),0.4166666666666667
47749,47760,2026-06-14 03:00:00+00:00,2026-06-14 14:00:00+00:00,68.94,67.27,11.0,-0.024223962866260496,-0.025823962866260496,0.0010153756890050047,-0.029010733971569502,rottura EMA200 (trend),0.4583333333333333
47766,47796,2026-06-14 20:00:00+00:00,2026-06-16 02:00:00+00:00,67.81,73.01,30.0,0.07668485474118869,0.07508485474118869,0.12210588408789258,-0.00014747087450239782,Chandelier 3xATR (trailing),1.25
47797,47825,2026-06-16 03:00:00+00:00,2026-06-17 07:00:00+00:00,73.74,73.26,28.0,-0.006509357200976229,-0.00810935720097623,0.025901817195552068,-0.019663683211282756,Chandelier 3xATR (trailing),1.1666666666666667
